Iteration,Dimers_Count,GTPs_Count,GDPs-Count,Active Dimers - Count,Inactive Dimers - Count, Current GTPs, Current GDPs, Longest Protofilament Length,Micro Tubule length,Dimers in Main Structure,Dehydrolized Dimers Count, Mean Protofilament Length
10,700,0,700,0,700,0,0,0,0,0,0,0
20,700,0,700,0,700,0,0,0,0,0,0,0
30,700,0,700,0,700,0,0,0,0,0,0,0
40,700,0,700,0,700,0,0,0,0,0,0,0
50,700,0,700,0,700,0,0,0,0,0,0,0
60,700,657,0,43,657,0,0,0,0,0,0,0
70,700,609,0,92,608,0,0,0,0,0,0,0
80,700,576,0,125,575,0,0,0,0,0,0,0
90,700,532,0,169,531,0,0,0,0,0,0,0
100,700,491,0,210,490,0,0,0,0,0,0,0
110,700,460,0,241,459,0,0,0,0,0,0,0
120,700,436,0,265,435,0,0,0,0,0,0,0
130,700,420,0,281,419,0,0,0,0,0,0,0
140,700,402,0,295,400,0,0,5,0,5,1,0.384615384615385
150,700,381,0,316,379,0,0,5,0,5,1,0.384615384615385
160,700,370,0,327,368,0,0,5,0,5,1,0.384615384615385
170,700,356,0,340,354,0,0,5,0,6,2,0.461538461538462
180,700,338,0,358,336,0,0,5,0,6,2,0.461538461538462
190,700,321,0,375,319,0,0,5,0,6,2,0.461538461538462
200,700,308,0,388,306,0,0,5,0,6,2,0.461538461538462
210,700,301,0,395,299,0,0,5,0,6,2,0.461538461538462
220,700,293,0,401,291,0,0,5,0,8,3,0.615384615384615
230,700,283,0,407,281,0,0,6,0,12,3,0.923076923076923
240,700,272,0,418,270,0,0,6,0,12,3,0.923076923076923
250,700,268,0,422,266,0,0,6,0,12,3,0.923076923076923
260,700,263,0,427,261,0,0,6,0,12,3,0.923076923076923
270,700,261,0,429,259,0,0,6,0,12,3,0.923076923076923
280,700,256,0,434,254,0,0,6,0,12,3,0.923076923076923
290,700,247,0,443,245,0,0,6,0,12,3,0.923076923076923
300,700,244,0,445,242,0,0,6,0,13,3,1
310,700,239,0,448,237,0,0,8,0,15,3,1.15384615384615
320,700,233,0,454,231,0,0,8,0,15,3,1.15384615384615
330,700,227,0,460,225,0,0,8,0,15,3,1.15384615384615
340,700,221,0,465,219,0,0,8,0,16,3,1.23076923076923
350,700,216,0,470,214,0,0,8,0,16,3,1.23076923076923
360,700,213,0,472,211,0,0,9,0,17,3,1.30769230769231
370,700,208,0,477,206,0,0,9,0,17,3,1.30769230769231
380,700,203,0,482,201,0,0,9,0,17,3,1.30769230769231
390,700,201,0,484,199,0,0,9,0,17,3,1.30769230769231
400,700,198,0,487,196,0,0,9,0,17,3,1.30769230769231
410,700,196,0,489,194,0,0,9,0,17,3,1.30769230769231
420,700,191,0,493,189,0,0,10,0,18,3,1.38461538461538
430,700,186,0,491,184,0,0,11,0,25,4,1.92307692307692
440,700,186,0,491,184,0,0,11,0,25,4,1.92307692307692
450,700,183,0,488,181,0,0,13,0,31,4,2.38461538461538
460,700,182,0,489,180,0,0,13,0,31,4,2.38461538461538
470,700,179,0,492,177,0,0,13,0,31,4,2.38461538461538
480,700,176,0,495,174,0,0,13,0,31,4,2.38461538461538
490,700,172,0,499,170,0,0,13,0,31,4,2.38461538461538
500,700,167,0,504,165,0,0,13,0,31,4,2.38461538461538
510,700,165,0,504,163,0,0,13,0,33,4,2.53846153846154
520,700,160,0,509,158,0,0,13,0,33,4,2.53846153846154
530,700,158,0,511,156,0,0,13,0,33,4,2.53846153846154
540,700,156,0,509,154,0,0,13,0,37,5,2.84615384615385
550,700,153,0,512,151,0,0,13,0,37,5,2.84615384615385
560,700,150,0,515,148,0,0,13,0,37,5,2.84615384615385
570,700,148,0,517,146,0,0,13,0,37,5,2.84615384615385
580,700,147,0,518,145,0,0,13,0,37,5,2.84615384615385
590,700,145,0,520,143,0,0,13,0,37,5,2.84615384615385
600,700,144,0,521,142,0,0,13,0,37,5,2.84615384615385
610,700,141,0,524,139,0,0,13,0,37,5,2.84615384615385
620,700,141,0,524,139,0,0,13,0,37,5,2.84615384615385
630,700,140,0,525,138,0,0,13,0,37,5,2.84615384615385
640,700,139,12,526,149,0,0,13,0,25,5,1.92307692307692
650,700,134,12,531,144,0,0,13,0,25,5,1.92307692307692
660,700,134,12,531,144,0,0,13,0,25,5,1.92307692307692
670,700,134,12,529,144,0,0,13,0,27,6,2.07692307692308
680,700,132,12,528,142,0,0,13,0,30,6,2.30769230769231
690,700,144,0,528,142,0,0,13,0,30,6,2.30769230769231
700,700,139,0,532,138,0,0,13,0,30,6,2.30769230769231
710,700,138,0,532,137,0,0,13,0,31,6,2.38461538461538
720,700,135,0,535,134,0,0,13,0,31,8,2.38461538461538
730,700,134,0,535,133,0,0,13,0,32,11,2.46153846153846
740,700,131,0,537,131,0,0,13,0,32,11,2.46153846153846
750,700,131,0,537,131,0,0,13,0,32,11,2.46153846153846
760,700,130,0,538,130,0,0,13,0,32,11,2.46153846153846
770,700,128,0,540,128,0,0,13,0,32,11,2.46153846153846
780,700,126,4,542,130,0,0,13,0,28,8,2.07692307692308
790,700,124,10,544,134,0,0,6,0,22,8,1.69230769230769
800,700,122,11,545,133,0,0,6,0,22,7,1.69230769230769
810,700,122,11,544,133,0,0,6,0,23,7,1.76923076923077
820,700,119,11,547,130,0,0,6,0,23,7,1.76923076923077
830,700,123,7,547,130,0,0,6,0,23,7,1.76923076923077
840,700,129,1,547,130,0,0,6,0,23,7,1.76923076923077
850,700,128,0,549,128,0,0,6,0,23,7,1.76923076923077
860,700,127,0,550,127,0,0,6,0,23,7,1.76923076923077
870,700,126,0,551,126,0,0,6,0,23,7,1.76923076923077
880,700,125,0,550,125,0,0,7,0,25,7,1.92307692307692
890,700,122,0,553,122,0,0,7,0,25,7,1.92307692307692
900,700,122,0,551,122,0,0,8,0,27,7,2.07692307692308
910,700,122,0,551,122,0,0,8,0,27,7,2.07692307692308
920,700,120,0,553,120,0,0,8,0,27,7,2.07692307692308
930,700,119,0,553,119,0,0,8,0,28,12,2.15384615384615
940,700,119,0,553,119,0,0,8,0,28,12,2.15384615384615
950,700,118,0,552,118,0,0,8,0,30,13,2.30769230769231
960,700,118,0,552,118,0,0,8,0,30,13,2.30769230769231
970,700,117,0,553,117,0,0,8,0,30,13,2.30769230769231
980,700,114,0,556,114,0,0,8,0,30,13,2.30769230769231
990,700,111,0,559,111,0,0,8,0,30,13,2.30769230769231
1000,700,111,0,559,111,0,0,8,0,30,13,2.30769230769231
1010,700,110,0,560,110,0,0,8,0,30,13,2.30769230769231
1020,700,110,0,560,110,0,0,8,0,30,13,2.30769230769231
1030,700,110,3,560,113,0,0,8,0,27,10,2.07692307692308
1040,700,109,3,561,112,0,0,8,0,27,13,2.07692307692308
1050,700,106,4,562,110,0,0,8,0,28,12,2.15384615384615
1060,700,106,4,560,110,0,0,8,0,30,13,2.30769230769231
1070,700,105,4,561,109,0,0,8,0,30,13,2.30769230769231
1080,700,107,1,562,108,0,0,8,0,30,13,2.30769230769231
1090,700,106,1,562,107,0,0,8,0,31,13,2.38461538461538
1100,700,105,3,564,108,0,0,8,0,28,12,2.15384615384615
1110,700,105,4,564,109,0,0,8,0,27,11,2.07692307692308
1120,700,102,4,566,107,0,0,8,0,27,11,2.07692307692308
1130,700,101,5,566,107,0,0,8,0,27,10,2.07692307692308
1140,700,99,5,567,105,0,0,8,0,28,10,2.15384615384615
1150,700,101,2,568,104,0,0,8,0,28,10,2.15384615384615
1160,700,100,1,570,102,0,0,8,0,28,10,2.15384615384615
1170,700,98,1,570,100,0,0,8,0,30,11,2.30769230769231
1180,700,99,5,570,105,0,0,4,0,25,13,1.92307692307692
1190,700,99,5,570,105,0,0,4,0,25,13,1.92307692307692
1200,700,98,5,571,104,0,0,4,0,25,13,1.92307692307692
1210,700,97,6,572,104,0,0,4,0,24,12,1.84615384615385
1220,700,97,7,572,105,0,0,4,0,23,11,1.76923076923077
1230,700,102,2,571,105,0,0,4,0,24,11,1.84615384615385
1240,700,101,2,572,104,0,0,4,0,24,11,1.84615384615385
1250,700,100,5,573,106,0,0,4,0,21,10,1.61538461538462
1260,700,100,4,574,105,0,0,4,0,21,10,1.61538461538462
1270,700,101,3,574,105,0,0,4,0,21,10,1.61538461538462
1280,700,100,3,575,104,0,0,4,0,21,10,1.61538461538462
1290,700,98,3,577,102,0,0,4,0,21,10,1.61538461538462
1300,700,100,0,578,101,0,0,4,0,21,10,1.61538461538462
1310,700,99,0,578,100,0,0,4,0,22,11,1.69230769230769
1320,700,97,1,579,99,0,0,4,0,22,10,1.69230769230769
1330,700,95,1,580,97,0,0,4,0,23,10,1.76923076923077
1340,700,94,1,580,96,0,0,4,0,24,10,1.84615384615385
1350,700,93,1,581,95,0,0,4,0,24,10,1.84615384615385
1360,700,93,1,581,95,0,0,4,0,24,10,1.84615384615385
1370,700,94,0,581,95,0,0,4,0,24,10,1.84615384615385
1380,700,94,0,581,95,0,0,4,0,24,10,1.84615384615385
1390,700,92,0,583,93,0,0,4,0,24,10,1.84615384615385
1400,700,89,0,586,90,0,0,4,0,24,11,1.84615384615385
1410,700,89,0,584,90,0,0,5,0,26,12,2
1420,700,89,0,583,90,0,0,5,0,27,12,2.07692307692308
1430,700,87,0,585,88,0,0,5,0,27,12,2.07692307692308
1440,700,87,0,585,88,0,0,5,0,27,12,2.07692307692308
1450,700,86,0,585,87,0,0,5,0,28,13,2.15384615384615
1460,700,85,0,585,86,0,0,5,0,29,13,2.23076923076923
1470,700,85,2,584,88,0,0,5,0,28,12,2.15384615384615
1480,700,84,2,584,87,0,0,5,0,29,12,2.23076923076923
1490,700,83,2,585,86,0,0,5,0,29,12,2.23076923076923
1500,700,82,2,586,85,0,0,5,0,29,12,2.23076923076923
1510,700,81,2,587,84,0,0,5,0,29,12,2.23076923076923
1520,700,83,0,587,84,0,0,5,0,29,12,2.23076923076923
1530,700,83,0,587,84,0,0,5,0,29,12,2.23076923076923
1540,700,83,0,586,84,0,0,6,0,30,12,2.30769230769231
1550,700,83,0,586,84,0,0,6,0,30,13,2.30769230769231
1560,700,82,1,586,84,0,0,7,0,30,13,2.30769230769231
1570,700,81,2,586,84,0,0,7,0,30,12,2.30769230769231
1580,700,81,2,584,84,0,0,7,0,32,12,2.46153846153846
1590,700,76,2,589,79,0,0,7,0,32,12,2.46153846153846
1600,700,74,2,590,77,0,0,7,0,33,13,2.53846153846154
1610,700,74,1,591,76,0,0,7,0,33,13,2.53846153846154
1620,700,75,0,591,76,0,0,7,0,33,13,2.53846153846154
1630,700,74,0,592,75,0,0,7,0,33,15,2.53846153846154
1640,700,73,0,593,74,0,0,7,0,33,15,2.53846153846154
1650,700,70,0,596,71,0,0,7,0,33,15,2.53846153846154
1660,700,70,0,595,71,0,0,7,0,34,16,2.61538461538462
1670,700,69,1,595,71,0,0,7,0,34,17,2.61538461538462
1680,700,69,1,595,71,0,0,7,0,34,17,2.61538461538462
1690,700,69,1,595,71,0,0,7,0,34,17,2.61538461538462
1700,700,69,1,595,71,0,0,7,0,34,17,2.61538461538462
1710,700,68,1,595,70,0,0,7,0,35,17,2.69230769230769
1720,700,69,0,595,70,0,0,7,0,35,17,2.69230769230769
1730,700,69,0,594,70,0,0,7,0,36,18,2.76923076923077
1740,700,69,0,594,70,0,0,7,0,36,18,2.76923076923077
1750,700,69,0,593,70,0,0,7,0,37,18,2.84615384615385
1760,700,69,0,593,70,0,0,7,0,37,18,2.84615384615385
1770,700,68,0,594,69,0,0,7,0,37,18,2.84615384615385
1780,700,68,0,594,69,0,0,7,0,37,18,2.84615384615385
1790,700,68,0,593,69,0,0,8,0,38,18,2.92307692307692
1800,700,67,0,593,68,0,0,8,0,39,18,3
1810,700,67,0,593,68,0,0,8,0,39,19,3
1820,700,67,0,593,68,0,0,8,0,39,20,3
1830,700,67,5,593,73,0,0,8,0,34,20,2.61538461538462
1840,700,67,5,591,73,0,0,8,0,36,21,2.76923076923077
1850,700,67,9,589,77,0,0,9,0,34,19,2.61538461538462
1860,700,66,9,590,76,0,0,9,0,34,19,2.61538461538462
1870,700,64,9,590,74,0,0,9,0,36,19,2.76923076923077
1880,700,68,12,589,82,0,0,8,0,29,17,2.23076923076923
1890,700,68,13,589,83,0,0,8,0,28,16,2.07692307692308
1900,700,71,14,590,87,0,0,4,0,23,15,1.76923076923077
1910,700,71,15,590,88,0,0,4,0,22,14,1.69230769230769
1920,700,70,15,590,88,0,0,4,0,22,15,1.69230769230769
1930,700,78,7,590,88,0,0,4,0,22,15,1.69230769230769
1940,700,79,6,589,88,0,0,4,0,23,15,1.76923076923077
1950,700,84,1,589,88,0,0,4,0,23,15,1.76923076923077
1960,700,85,1,589,89,0,0,4,0,22,15,1.69230769230769
1970,700,84,1,590,88,0,0,4,0,22,15,1.69230769230769
1980,700,84,1,590,88,0,0,4,0,22,15,1.69230769230769
1990,700,84,1,590,88,0,0,4,0,22,15,1.69230769230769
2000,700,84,1,589,88,0,0,4,0,23,15,1.76923076923077
2010,700,84,0,590,87,0,0,4,0,23,15,1.76923076923077
2020,700,83,0,591,86,0,0,4,0,23,15,1.76923076923077
2030,700,80,0,594,83,0,0,4,0,23,15,1.76923076923077
2040,700,79,0,595,82,0,0,4,0,23,15,1.76923076923077
2050,700,78,0,595,81,0,0,4,0,24,15,1.84615384615385
2060,700,78,0,595,81,0,0,4,0,24,15,1.84615384615385
2070,700,77,0,595,80,0,0,4,0,25,16,1.92307692307692
2080,700,76,0,596,79,0,0,4,0,25,16,1.92307692307692
2090,700,74,0,597,77,0,0,4,0,26,16,2
2100,700,71,0,600,74,0,0,4,0,26,16,2
2110,700,70,0,601,73,0,0,4,0,26,16,2
2120,700,70,0,600,73,0,0,4,0,27,16,2.07692307692308
2130,700,70,0,600,73,0,0,4,0,27,16,2.07692307692308
2140,700,69,0,601,72,0,0,4,0,27,16,2.07692307692308
2150,700,68,0,602,71,0,0,4,0,27,16,2.07692307692308
2160,700,68,0,602,71,0,0,4,0,27,16,2.07692307692308
2170,700,67,0,603,70,0,0,4,0,27,17,2.07692307692308
2180,700,66,1,604,70,0,0,4,0,26,16,2
2190,700,65,2,605,70,0,0,4,0,25,15,1.92307692307692
2200,700,65,2,605,70,0,0,4,0,25,15,1.92307692307692
2210,700,62,2,606,68,0,0,4,0,26,15,2
2220,700,62,2,605,68,0,0,4,0,27,16,2.07692307692308
2230,700,63,3,605,70,0,0,4,0,25,14,1.92307692307692
2240,700,64,2,605,70,0,0,4,0,25,14,1.92307692307692
2250,700,64,2,605,70,0,0,4,0,25,14,1.92307692307692
2260,700,63,4,606,71,0,0,4,0,23,12,1.76923076923077
2270,700,63,4,605,71,0,0,4,0,24,12,1.84615384615385
2280,700,65,2,605,71,0,0,4,0,24,12,1.84615384615385
2290,700,64,2,604,70,0,0,4,0,26,12,2
2300,700,62,2,603,68,0,0,5,0,29,12,2.23076923076923
2310,700,64,0,602,68,0,0,5,0,30,12,2.30769230769231
2320,700,64,0,602,68,0,0,5,0,30,12,2.30769230769231
2330,700,63,0,603,67,0,0,5,0,30,12,2.30769230769231
2340,700,63,0,603,67,0,0,5,0,30,12,2.30769230769231
2350,700,62,0,604,66,0,0,5,0,30,13,2.30769230769231
2360,700,62,0,604,66,0,0,5,0,30,13,2.30769230769231
2370,700,62,0,604,66,0,0,5,0,30,14,2.30769230769231
2380,700,61,0,605,65,0,0,5,0,30,15,2.30769230769231
2390,700,61,0,605,65,0,0,5,0,30,15,2.30769230769231
2400,700,61,0,603,65,0,0,5,0,32,15,2.46153846153846
2410,700,61,0,602,65,0,0,5,0,33,15,2.53846153846154
2420,700,60,0,603,64,0,0,5,0,33,15,2.53846153846154
2430,700,59,0,604,63,0,0,5,0,33,15,2.53846153846154
2440,700,59,0,604,63,0,0,5,0,33,16,2.53846153846154
2450,700,59,0,604,63,0,0,5,0,33,16,2.53846153846154
2460,700,59,0,604,63,0,0,5,0,33,16,2.53846153846154
2470,700,59,0,604,63,0,0,5,0,33,16,2.53846153846154
2480,700,57,5,606,66,0,0,5,0,28,12,2.15384615384615
2490,700,57,5,606,66,0,0,5,0,28,12,2.15384615384615
2500,700,57,5,606,66,0,0,5,0,28,13,2.15384615384615
2510,700,57,5,606,66,0,0,5,0,28,13,2.15384615384615
2520,700,57,5,605,66,0,0,5,0,29,13,2.23076923076923
2530,700,62,0,604,66,0,0,5,0,30,14,2.30769230769231
2540,700,61,0,604,66,0,0,5,0,30,14,2.30769230769231
2550,700,61,0,602,66,0,0,5,0,32,15,2.46153846153846
2560,700,61,0,602,66,0,0,5,0,32,15,2.46153846153846
2570,700,60,0,601,65,0,0,5,0,34,15,2.61538461538462
2580,700,60,0,601,65,0,0,5,0,34,15,2.61538461538462
2590,700,60,0,600,65,0,0,6,0,35,16,2.69230769230769
2600,700,60,1,599,66,0,0,6,0,35,15,2.69230769230769
2610,700,60,1,598,66,0,0,6,0,36,15,2.76923076923077
2620,700,60,1,598,66,0,0,6,0,36,16,2.76923076923077
2630,700,59,1,598,65,0,0,6,0,37,16,2.84615384615385
2640,700,59,1,598,65,0,0,6,0,37,16,2.84615384615385
2650,700,59,0,599,64,0,0,6,0,37,16,2.84615384615385
2660,700,57,0,599,62,0,0,6,0,39,16,3
2670,700,56,0,600,61,0,0,6,0,39,16,3
2680,700,56,0,600,61,0,0,6,0,39,16,3
2690,700,53,0,604,57,0,0,6,0,39,16,3
2700,700,53,0,604,57,0,0,6,0,39,16,3
2710,700,53,0,603,57,0,0,6,0,40,17,3.07692307692308
2720,700,53,0,603,57,0,0,6,0,40,18,3.07692307692308
2730,700,53,0,603,57,0,0,6,0,40,18,3.07692307692308
2740,700,53,0,601,57,0,0,7,0,42,18,3.23076923076923
2750,700,53,0,601,57,0,0,7,0,42,18,3.23076923076923
2760,700,53,0,601,57,0,0,7,0,42,18,3.23076923076923
2770,700,52,1,602,57,0,0,7,0,41,18,3.15384615384615
2780,700,52,1,601,57,0,0,7,0,42,18,3.23076923076923
2790,700,52,1,601,57,0,0,7,0,42,20,3.23076923076923
2800,700,52,1,601,57,0,0,7,0,42,24,3.23076923076923
2810,700,52,1,601,57,0,0,7,0,42,24,3.23076923076923
2820,700,53,0,601,57,0,0,7,0,42,24,3.23076923076923
2830,700,53,0,599,57,0,0,7,0,44,24,3.38461538461538
2840,700,53,0,597,57,0,0,7,0,46,24,3.53846153846154
2850,700,53,0,597,57,0,0,7,0,46,24,3.53846153846154
2860,700,53,0,597,57,0,0,7,0,46,24,3.53846153846154
2870,700,53,0,597,57,0,0,7,0,46,24,3.53846153846154
2880,700,53,0,597,57,0,0,7,0,46,24,3.53846153846154
2890,700,53,0,595,57,0,0,7,0,48,24,3.69230769230769
2900,700,53,1,594,58,0,0,7,0,48,25,3.69230769230769
2910,700,53,2,594,59,0,0,7,0,47,25,3.61538461538462
2920,700,50,2,595,56,0,0,7,0,49,25,3.76923076923077
2930,700,49,2,596,55,0,0,7,0,49,25,3.76923076923077
2940,700,49,5,596,58,0,0,7,0,46,24,3.53846153846154
2950,700,49,4,597,57,0,0,7,0,46,24,3.53846153846154
2960,700,50,3,597,57,0,0,7,0,46,24,3.53846153846154
2970,700,50,3,597,57,0,0,7,0,46,24,3.53846153846154
2980,700,50,3,597,57,0,0,7,0,46,24,3.53846153846154
2990,700,53,0,594,57,0,0,8,0,49,24,3.76923076923077
3000,700,51,1,595,57,0,0,8,0,48,23,3.69230769230769
3010,700,50,6,596,61,0,0,8,0,43,21,3.30769230769231
3020,700,50,6,596,61,0,0,8,0,43,22,3.30769230769231
3030,700,49,6,596,61,0,0,8,0,43,22,3.30769230769231
3040,700,49,6,595,61,0,0,8,0,44,22,3.38461538461538
3050,700,50,5,595,61,0,0,8,0,44,24,3.38461538461538
3060,700,52,0,594,60,0,0,8,0,46,24,3.53846153846154
3070,700,52,0,593,60,0,0,8,1,47,24,3.61538461538462
3080,700,52,0,591,60,0,0,8,1,49,25,3.76923076923077
3090,700,52,0,591,60,0,0,8,1,49,26,3.76923076923077
3100,700,52,4,588,64,0,0,8,1,48,26,3.69230769230769
3110,700,52,4,587,64,0,0,8,1,49,27,3.76923076923077
3120,700,52,4,587,64,0,0,8,1,49,27,3.76923076923077
3130,700,51,7,587,66,0,0,8,1,47,26,3.61538461538462
3140,700,50,7,588,65,0,0,8,1,47,26,3.61538461538462
3150,700,54,9,587,71,0,0,8,1,42,23,3.23076923076923
3160,700,53,9,585,70,0,0,8,1,45,23,3.46153846153846
3170,700,53,9,584,70,0,0,8,1,46,23,3.53846153846154
3180,700,55,6,585,69,0,0,8,1,46,23,3.53846153846154
3190,700,55,6,585,69,0,0,8,1,46,23,3.53846153846154
3200,700,61,0,585,69,0,0,8,1,46,23,3.53846153846154
3210,700,61,0,585,69,0,0,8,1,46,23,3.53846153846154
3220,700,60,0,586,68,0,0,8,1,46,23,3.53846153846154
3230,700,59,0,585,67,0,0,10,1,48,23,3.69230769230769
3240,700,59,0,584,67,0,0,10,1,49,24,3.76923076923077
3250,700,59,0,584,67,0,0,10,1,49,24,3.76923076923077
3260,700,59,0,582,67,0,0,10,1,51,24,3.92307692307692
3270,700,58,0,580,66,0,0,11,2,54,24,4.15384615384615
3280,700,57,0,581,65,0,0,11,2,54,24,4.15384615384615
3290,700,57,0,581,65,0,0,11,2,54,24,4.15384615384615
3300,700,57,0,581,65,0,0,11,2,54,24,4.15384615384615
3310,700,57,0,580,65,0,0,12,2,55,24,4.23076923076923
3320,700,57,0,580,65,0,0,12,2,55,24,4.23076923076923
3330,700,56,2,581,66,0,0,12,2,53,23,4.07692307692308
3340,700,56,2,581,66,0,0,12,2,53,25,4.07692307692308
3350,700,56,2,581,66,0,0,12,2,53,25,4.07692307692308
3360,700,56,6,581,70,0,0,12,2,49,24,3.61538461538462
3370,700,56,10,581,74,0,0,6,2,45,24,3.46153846153846
3380,700,57,8,580,73,0,0,7,2,47,24,3.61538461538462
3390,700,57,8,580,73,0,0,7,2,47,25,3.61538461538462
3400,700,57,8,580,73,0,0,7,2,47,26,3.61538461538462
3410,700,61,4,580,73,0,0,7,2,47,27,3.61538461538462
3420,700,65,0,580,73,0,0,7,2,47,27,3.61538461538462
3430,700,65,0,580,73,0,0,7,2,47,27,3.61538461538462
3440,700,65,0,580,73,0,0,7,2,47,27,3.61538461538462
3450,700,64,0,581,72,0,0,7,2,47,27,3.61538461538462
3460,700,64,0,581,72,0,0,7,2,47,27,3.61538461538462
3470,700,63,0,582,71,0,0,7,2,47,27,3.61538461538462
3480,700,62,0,583,70,0,0,7,2,47,28,3.61538461538462
3490,700,61,0,584,69,0,0,7,2,47,28,3.61538461538462
3500,700,61,0,582,69,0,0,7,2,49,28,3.76923076923077
3510,700,60,1,583,69,0,0,7,2,48,27,3.69230769230769
3520,700,59,5,584,72,0,0,5,2,44,24,3.38461538461538
3530,700,59,5,584,72,0,0,5,2,44,24,3.38461538461538
3540,700,58,5,585,71,0,0,5,2,44,25,3.38461538461538
3550,700,58,6,585,72,0,0,5,2,43,24,3.30769230769231
3560,700,57,8,586,73,0,0,5,2,41,24,3.15384615384615
3570,700,60,4,587,72,0,0,5,2,41,25,3.15384615384615
3580,700,60,5,586,73,0,0,5,2,41,24,3.15384615384615
3590,700,59,6,586,73,0,0,5,1,41,23,3.15384615384615
3600,700,60,5,586,73,0,0,5,1,41,26,3.15384615384615
3610,700,63,2,586,73,0,0,5,1,41,26,3.15384615384615
3620,700,63,3,584,74,0,0,5,1,42,25,3.23076923076923
3630,700,63,2,585,73,0,0,5,1,42,26,3.23076923076923
3640,700,64,1,585,73,0,0,5,1,42,26,3.23076923076923
3650,700,64,1,585,73,0,0,5,1,42,27,3.23076923076923
3660,700,64,4,585,76,0,0,5,1,39,28,3
3670,700,64,3,586,75,0,0,5,1,39,29,3
3680,700,64,5,586,77,0,0,5,1,37,27,2.84615384615385
3690,700,64,8,585,80,0,0,5,1,35,25,2.69230769230769
3700,700,64,10,585,82,0,0,5,1,33,23,2.53846153846154
3710,700,67,8,584,83,0,0,6,1,33,22,2.53846153846154
3720,700,66,8,585,82,0,0,6,1,33,22,2.53846153846154
3730,700,68,6,585,82,0,0,6,1,33,22,2.53846153846154
3740,700,70,3,585,81,0,0,6,1,34,23,2.61538461538462
3750,700,72,1,584,81,0,0,6,1,35,23,2.69230769230769
3760,700,73,1,584,82,0,0,6,1,34,24,2.61538461538462
3770,700,73,1,584,82,0,0,6,1,34,26,2.61538461538462
3780,700,73,1,584,82,0,0,6,1,34,26,2.61538461538462
3790,700,72,1,585,81,0,0,6,1,34,26,2.61538461538462
3800,700,68,3,587,80,0,0,6,1,33,24,2.53846153846154
3810,700,67,2,587,78,0,0,6,1,35,24,2.69230769230769
3820,700,67,2,587,78,0,0,6,1,35,24,2.69230769230769
3830,700,67,2,586,78,0,0,6,1,36,24,2.76923076923077
3840,700,67,3,584,79,0,0,7,1,37,23,2.84615384615385
3850,700,67,1,585,77,0,0,7,1,38,23,2.92307692307692
3860,700,67,5,585,81,0,0,7,1,34,21,2.61538461538462
3870,700,67,5,585,81,0,0,7,1,34,21,2.61538461538462
3880,700,66,5,586,80,0,0,7,1,34,22,2.61538461538462
3890,700,67,4,586,80,0,0,7,1,34,22,2.61538461538462
3900,700,67,5,586,81,0,0,7,1,33,21,2.53846153846154
3910,700,71,1,586,81,0,0,7,1,33,21,2.53846153846154
3920,700,71,1,586,81,0,0,7,1,33,21,2.53846153846154
3930,700,70,1,587,80,0,0,7,1,33,21,2.53846153846154
3940,700,70,1,587,80,0,0,7,1,33,21,2.53846153846154
3950,700,71,0,587,80,0,0,7,1,33,21,2.53846153846154
3960,700,70,3,588,82,0,0,7,1,30,20,2.23076923076923
3970,700,70,5,586,84,0,0,5,1,30,19,2.30769230769231
3980,700,68,5,588,82,0,0,5,1,30,19,2.30769230769231
3990,700,68,5,588,82,0,0,5,1,30,19,2.30769230769231
4000,700,66,5,589,80,0,0,6,1,31,19,2.38461538461538
4010,700,65,2,593,76,0,0,6,1,31,19,2.38461538461538
4020,700,67,0,593,76,0,0,6,1,31,19,2.38461538461538
4030,700,65,0,595,74,0,0,6,1,31,19,2.38461538461538
4040,700,64,0,596,73,0,0,6,1,31,19,2.38461538461538
4050,700,62,0,597,72,0,0,6,1,31,19,2.38461538461538
4060,700,60,0,599,70,0,0,6,1,31,19,2.38461538461538
4070,700,59,0,600,69,0,0,6,1,31,19,2.38461538461538
4080,700,58,1,600,69,0,0,7,1,31,19,2.30769230769231
4090,700,58,6,598,74,0,0,5,1,28,18,2.15384615384615
4100,700,58,6,598,74,0,0,5,1,28,18,2.15384615384615
4110,700,58,6,598,74,0,0,5,1,28,18,2.15384615384615
4120,700,57,6,599,73,0,0,5,1,28,19,2.15384615384615
4130,700,56,5,600,72,0,0,5,1,28,19,2.15384615384615
4140,700,61,1,600,73,0,0,5,1,27,18,2.07692307692308
4150,700,61,2,600,74,0,0,5,1,26,17,2
4160,700,60,3,599,75,0,0,6,1,26,16,2
4170,700,59,3,597,75,0,0,7,1,28,16,2.15384615384615
4180,700,58,3,597,75,0,0,7,1,28,16,2.15384615384615
4190,700,58,2,597,74,0,0,8,1,29,17,2.23076923076923
4200,700,59,1,596,74,0,0,8,1,30,17,2.30769230769231
4210,700,60,0,594,74,0,0,10,1,32,17,2.46153846153846
4220,700,60,0,594,74,0,0,10,1,32,17,2.46153846153846
4230,700,60,0,594,74,0,0,10,1,32,17,2.46153846153846
4240,700,60,2,593,76,0,0,10,1,31,16,2.30769230769231
4250,700,60,10,593,84,0,0,3,1,23,16,1.76923076923077
4260,700,60,10,593,84,0,0,3,1,23,16,1.76923076923077
4270,700,60,10,593,84,0,0,3,1,23,16,1.76923076923077
4280,700,60,11,592,85,0,0,3,1,23,15,1.76923076923077
4290,700,62,9,590,85,0,0,4,1,25,15,1.92307692307692
4300,700,70,1,589,85,0,0,4,1,26,15,2
4310,700,69,1,590,84,0,0,4,1,26,17,2
4320,700,68,1,590,84,0,0,4,1,26,17,2
4330,700,69,0,590,84,0,0,4,1,26,17,2
4340,700,67,1,592,83,0,0,4,1,25,17,1.92307692307692
4350,700,66,4,591,86,0,0,4,1,23,16,1.76923076923077
4360,700,66,5,591,87,0,0,4,1,22,15,1.69230769230769
4370,700,65,5,592,86,0,0,4,1,22,15,1.69230769230769
4380,700,64,5,593,85,0,0,4,1,22,15,1.69230769230769
4390,700,64,4,594,84,0,0,4,1,22,15,1.69230769230769
4400,700,67,2,594,85,0,0,4,1,21,14,1.61538461538462
4410,700,67,1,595,84,0,0,4,1,21,14,1.61538461538462
4420,700,66,1,595,84,0,0,4,1,21,14,1.61538461538462
4430,700,66,1,593,84,0,0,5,1,23,14,1.76923076923077
4440,700,66,1,593,84,0,0,5,1,23,14,1.76923076923077
4450,700,66,0,593,83,0,0,6,1,24,14,1.84615384615385
4460,700,66,0,593,83,0,0,6,1,24,14,1.84615384615385
4470,700,65,0,594,82,0,0,6,1,24,15,1.84615384615385
4480,700,63,0,596,80,0,0,6,1,24,15,1.84615384615385
4490,700,62,0,597,79,0,0,6,1,24,15,1.84615384615385
4500,700,62,0,597,79,0,0,6,1,24,15,1.84615384615385
4510,700,61,0,598,78,0,0,6,1,24,15,1.84615384615385
4520,700,61,0,598,78,0,0,6,1,24,15,1.84615384615385
4530,700,59,0,600,76,0,0,6,1,24,15,1.84615384615385
4540,700,58,0,601,75,0,0,6,1,24,15,1.84615384615385
4550,700,57,0,601,74,0,0,6,1,25,15,1.92307692307692
4560,700,56,0,602,73,0,0,6,1,25,15,1.92307692307692
4570,700,56,0,602,73,0,0,6,1,25,15,1.92307692307692
4580,700,56,0,602,73,0,0,6,1,25,15,1.92307692307692
4590,700,56,0,602,73,0,0,6,1,25,15,1.92307692307692
4600,700,56,0,602,73,0,0,6,1,25,15,1.92307692307692
4610,700,56,0,602,73,0,0,6,1,25,15,1.92307692307692
4620,700,55,0,603,72,0,0,6,1,25,15,1.92307692307692
4630,700,54,0,604,71,0,0,6,1,25,15,1.92307692307692
4640,700,53,0,605,70,0,0,6,1,25,15,1.92307692307692
4650,700,52,0,606,69,0,0,6,1,25,15,1.92307692307692
4660,700,50,0,608,67,0,0,6,1,25,15,1.92307692307692
4670,700,50,0,607,67,0,0,6,1,26,15,2
4680,700,50,0,606,67,0,0,6,1,27,15,2.07692307692308
4690,700,50,0,606,67,0,0,6,1,27,15,2.07692307692308
4700,700,50,0,606,67,0,0,6,1,27,16,2.07692307692308
4710,700,50,1,606,68,0,0,6,1,26,15,2
4720,700,49,1,607,67,0,0,6,1,26,15,2
4730,700,49,1,606,67,0,0,6,1,27,15,2.07692307692308
4740,700,48,1,607,66,0,0,6,1,27,16,2.07692307692308
4750,700,48,1,604,66,0,0,6,1,30,16,2.30769230769231
4760,700,49,0,601,66,0,0,6,1,33,16,2.53846153846154
4770,700,49,0,601,66,0,0,6,1,33,16,2.53846153846154
4780,700,48,1,600,67,0,0,6,1,33,16,2.53846153846154
4790,700,48,1,598,67,0,0,7,1,35,17,2.69230769230769
4800,700,48,1,598,67,0,0,7,1,35,18,2.69230769230769
4810,700,48,1,597,67,0,0,7,1,36,18,2.76923076923077
4820,700,48,1,596,67,0,0,7,1,37,18,2.84615384615385
4830,700,49,6,595,73,0,0,6,1,32,17,2.46153846153846
4840,700,49,6,595,73,0,0,6,1,32,18,2.46153846153846
4850,700,48,6,594,72,0,0,6,1,34,18,2.61538461538462
4860,700,48,6,594,72,0,0,6,1,34,18,2.61538461538462
4870,700,48,6,594,72,0,0,6,1,34,18,2.61538461538462
4880,700,54,0,592,72,0,0,6,1,36,18,2.76923076923077
4890,700,53,0,593,71,0,0,6,1,36,18,2.76923076923077
4900,700,52,0,594,70,0,0,6,1,36,18,2.76923076923077
4910,700,51,0,595,69,0,0,6,1,36,18,2.76923076923077
4920,700,50,0,594,68,0,0,6,1,38,18,2.92307692307692
4930,700,50,0,594,68,0,0,6,1,38,20,2.92307692307692
4940,700,50,0,594,68,0,0,6,1,38,21,2.92307692307692
4950,700,50,0,592,68,0,0,8,1,40,21,3.07692307692308
4960,700,50,0,592,68,0,0,8,1,40,21,3.07692307692308
4970,700,50,0,592,68,0,0,8,1,40,21,3.07692307692308
4980,700,50,0,592,68,0,0,8,1,40,21,3.07692307692308
4990,700,50,0,592,68,0,0,8,1,40,21,3.07692307692308
5000,700,50,0,592,68,0,0,8,1,40,21,3.07692307692308
5010,700,50,0,592,68,0,0,8,1,40,21,3.07692307692308
5020,700,50,0,588,68,0,0,8,1,44,21,3.38461538461538
5030,700,50,0,588,68,0,0,8,1,44,21,3.38461538461538
5040,700,49,0,589,67,0,0,8,1,44,21,3.38461538461538
5050,700,49,0,589,67,0,0,8,1,44,21,3.38461538461538
5060,700,49,0,588,67,0,0,8,1,45,21,3.46153846153846
5070,700,49,0,588,67,0,0,8,1,45,21,3.46153846153846
5080,700,49,0,587,67,0,0,8,1,46,21,3.53846153846154
5090,700,49,0,587,67,0,0,8,1,46,21,3.53846153846154
5100,700,49,0,587,67,0,0,8,1,46,21,3.53846153846154
5110,700,49,0,587,67,0,0,8,1,46,21,3.53846153846154
5120,700,49,0,587,67,0,0,8,1,46,21,3.53846153846154
5130,700,49,0,586,67,0,0,8,1,47,21,3.61538461538462
5140,700,48,0,587,66,0,0,8,1,47,21,3.61538461538462
5150,700,48,0,587,66,0,0,8,1,47,21,3.61538461538462
5160,700,48,0,587,66,0,0,8,1,47,21,3.61538461538462
5170,700,48,0,587,66,0,0,8,1,47,22,3.61538461538462
5180,700,48,0,587,66,0,0,8,1,47,23,3.61538461538462
5190,700,48,0,587,66,0,0,8,1,47,23,3.61538461538462
5200,700,48,0,587,66,0,0,8,1,47,23,3.61538461538462
5210,700,48,0,587,66,0,0,8,1,47,23,3.61538461538462
5220,700,48,0,587,66,0,0,8,1,47,23,3.61538461538462
5230,700,48,0,584,66,0,0,8,1,50,24,3.84615384615385
5240,700,48,2,584,68,0,0,8,1,48,23,3.69230769230769
5250,700,48,2,584,68,0,0,8,1,48,24,3.69230769230769
5260,700,47,2,584,67,0,0,8,1,49,25,3.76923076923077
5270,700,47,2,584,67,0,0,8,1,49,25,3.76923076923077
5280,700,47,4,581,69,0,0,8,1,50,25,3.84615384615385
5290,700,47,7,583,72,0,0,7,1,45,23,3.46153846153846
5300,700,46,7,584,71,0,0,7,1,45,23,3.46153846153846
5310,700,46,8,584,72,0,0,7,1,44,23,3.38461538461538
5320,700,45,8,585,71,0,0,7,1,44,24,3.38461538461538
5330,700,47,7,584,72,0,0,7,1,44,24,3.38461538461538
5340,700,51,6,585,75,0,0,7,1,40,22,3.07692307692308
5350,700,48,8,586,74,0,0,7,1,40,22,3.07692307692308
5360,700,48,8,585,75,0,0,7,1,40,21,3.07692307692308
5370,700,47,8,585,75,0,0,7,1,40,21,3.07692307692308
5380,700,47,7,583,75,0,0,9,1,42,23,3.23076923076923
5390,700,49,10,583,81,0,0,9,1,36,20,2.76923076923077
5400,700,48,16,585,87,0,0,5,1,28,16,2.15384615384615
5410,700,48,15,585,87,0,0,5,1,28,16,2.15384615384615
5420,700,47,15,586,86,0,0,5,1,28,17,2.15384615384615
5430,700,45,15,587,85,0,0,5,1,28,17,2.15384615384615
5440,700,52,10,587,87,0,0,5,1,26,16,2
5450,700,58,2,587,87,0,0,5,1,26,16,2
5460,700,58,2,587,87,0,0,5,1,26,16,2
5470,700,58,2,587,87,0,0,5,1,26,16,2
5480,700,57,2,587,87,0,0,5,1,26,16,2
5490,700,58,0,587,87,0,0,5,1,26,16,2
5500,700,57,0,588,86,0,0,5,1,26,16,2
5510,700,56,0,589,85,0,0,5,1,26,16,2
5520,700,56,0,588,85,0,0,6,1,27,17,2.07692307692308
5530,700,55,0,589,84,0,0,6,1,27,17,2.07692307692308
5540,700,53,0,591,82,0,0,6,1,27,17,2.07692307692308
5550,700,53,0,591,82,0,0,6,1,27,17,2.07692307692308
5560,700,53,1,591,83,0,0,6,1,26,17,1.92307692307692
5570,700,53,2,590,84,0,0,7,1,26,17,2
5580,700,53,2,590,84,0,0,7,1,26,17,2
5590,700,52,2,588,83,0,0,7,1,29,17,2.23076923076923
5600,700,52,3,588,84,0,0,7,1,28,16,2.15384615384615
5610,700,52,2,588,83,0,0,7,1,29,16,2.23076923076923
5620,700,52,1,588,82,0,0,7,1,30,16,2.30769230769231
5630,700,52,2,588,83,0,0,7,1,29,15,2.23076923076923
5640,700,52,2,588,83,0,0,7,1,29,15,2.23076923076923
5650,700,53,1,587,83,0,0,7,1,30,15,2.30769230769231
5660,700,53,1,587,83,0,0,7,1,30,15,2.30769230769231
5670,700,53,1,587,83,0,0,7,1,30,15,2.30769230769231
5680,700,52,0,589,81,0,0,7,1,30,15,2.30769230769231
5690,700,52,0,589,81,0,0,7,1,30,15,2.30769230769231
5700,700,50,0,591,79,0,0,7,1,30,15,2.30769230769231
5710,700,49,0,591,78,0,0,7,1,31,15,2.38461538461538
5720,700,48,0,592,77,0,0,7,1,31,15,2.38461538461538
5730,700,47,0,592,76,0,0,7,1,32,17,2.46153846153846
5740,700,47,0,592,76,0,0,7,1,32,17,2.46153846153846
5750,700,47,0,592,76,0,0,7,1,32,17,2.46153846153846
5760,700,47,0,592,76,0,0,7,1,32,17,2.46153846153846
5770,700,46,0,593,75,0,0,7,1,32,17,2.46153846153846
5780,700,45,0,594,74,0,0,7,1,32,18,2.46153846153846
5790,700,45,0,594,74,0,0,7,1,32,18,2.46153846153846
5800,700,45,0,594,74,0,0,7,1,32,18,2.46153846153846
5810,700,45,3,594,77,0,0,7,1,29,17,2.23076923076923
5820,700,45,8,593,82,0,0,5,1,25,15,1.92307692307692
5830,700,45,8,591,82,0,0,7,1,27,15,2.07692307692308
5840,700,44,8,592,81,0,0,7,1,27,15,2.07692307692308
5850,700,43,8,592,81,0,0,7,1,27,15,2.07692307692308
5860,700,46,5,592,81,0,0,7,1,27,16,2.07692307692308
5870,700,51,0,592,81,0,0,7,1,27,16,2.07692307692308
5880,700,50,2,593,82,0,0,7,1,25,16,1.92307692307692
5890,700,50,4,593,84,0,0,7,1,23,14,1.76923076923077
5900,700,48,4,594,83,0,0,7,1,23,14,1.76923076923077
5910,700,45,4,596,81,0,0,7,1,23,14,1.76923076923077
5920,700,43,4,598,79,0,0,7,1,23,14,1.76923076923077
5930,700,45,2,598,79,0,0,7,1,23,14,1.76923076923077
5940,700,46,0,598,78,0,0,7,1,24,14,1.84615384615385
5950,700,46,1,598,79,0,0,7,1,23,13,1.76923076923077
5960,700,46,1,598,79,0,0,7,1,23,13,1.76923076923077
5970,700,45,1,599,78,0,0,7,1,23,13,1.76923076923077
5980,700,45,1,599,78,0,0,7,1,23,13,1.76923076923077
5990,700,45,1,599,78,0,0,7,1,23,13,1.76923076923077
6000,700,46,0,599,78,0,0,7,1,23,13,1.76923076923077
6010,700,46,0,599,78,0,0,7,1,23,13,1.76923076923077
6020,700,46,0,599,78,0,0,7,1,23,13,1.76923076923077
6030,700,46,0,597,78,0,0,7,1,25,13,1.92307692307692
6040,700,46,0,597,78,0,0,7,1,25,13,1.92307692307692
6050,700,46,0,597,78,0,0,7,1,25,13,1.92307692307692
6060,700,46,0,597,78,0,0,7,1,25,13,1.92307692307692
6070,700,46,0,596,78,0,0,7,1,26,13,2
6080,700,45,0,597,77,0,0,7,1,26,14,2
6090,700,44,0,598,76,0,0,7,1,26,16,2
6100,700,44,0,597,76,0,0,8,1,27,16,2.07692307692308
6110,700,44,0,597,76,0,0,8,1,27,17,2.07692307692308
6120,700,44,0,597,76,0,0,8,1,27,18,2.07692307692308
6130,700,44,0,597,76,0,0,8,1,27,18,2.07692307692308
6140,700,44,0,597,76,0,0,8,1,27,18,2.07692307692308
6150,700,44,0,597,76,0,0,8,1,27,19,2.07692307692308
6160,700,43,0,597,75,0,0,9,1,28,19,2.15384615384615
6170,700,42,5,594,79,0,0,9,1,27,17,2
6180,700,42,12,594,86,0,0,5,1,20,14,1.53846153846154
6190,700,42,12,594,86,0,0,5,1,20,14,1.53846153846154
6200,700,42,12,594,86,0,0,5,1,20,14,1.53846153846154
6210,700,40,12,595,84,0,0,5,1,21,14,1.61538461538462
6220,700,45,7,595,84,0,0,5,1,21,14,1.61538461538462
6230,700,52,0,595,84,0,0,5,1,21,14,1.61538461538462
6240,700,52,0,595,84,0,0,5,1,21,14,1.61538461538462
6250,700,52,0,593,84,0,0,5,1,23,14,1.76923076923077
6260,700,51,0,594,83,0,0,5,1,23,14,1.76923076923077
6270,700,50,4,595,86,0,0,3,1,19,13,1.46153846153846
6280,700,48,4,595,85,0,0,3,1,20,13,1.53846153846154
6290,700,48,4,594,85,0,0,3,1,21,13,1.61538461538462
6300,700,48,4,594,85,0,0,3,1,21,13,1.61538461538462
6310,700,48,4,594,85,0,0,3,1,21,13,1.61538461538462
6320,700,52,0,594,85,0,0,3,1,21,13,1.61538461538462
6330,700,52,0,594,85,0,0,3,1,21,13,1.61538461538462
6340,700,52,0,594,85,0,0,3,1,21,13,1.61538461538462
6350,700,52,0,594,85,0,0,3,1,21,13,1.61538461538462
6360,700,51,0,595,84,0,0,3,1,21,13,1.61538461538462
6370,700,51,0,595,84,0,0,3,1,21,13,1.61538461538462
6380,700,49,0,597,82,0,0,3,1,21,13,1.61538461538462
6390,700,48,0,598,81,0,0,3,1,21,13,1.61538461538462
6400,700,48,0,598,81,0,0,3,1,21,13,1.61538461538462
6410,700,48,0,598,81,0,0,3,1,21,13,1.61538461538462
6420,700,48,0,598,81,0,0,3,1,21,13,1.61538461538462
6430,700,47,0,599,80,0,0,3,1,21,13,1.61538461538462
6440,700,47,0,597,80,0,0,5,1,23,14,1.76923076923077
6450,700,47,1,597,81,0,0,5,1,22,13,1.69230769230769
6460,700,45,1,599,79,0,0,5,1,22,13,1.69230769230769
6470,700,44,1,600,78,0,0,5,1,22,13,1.69230769230769
6480,700,44,1,600,78,0,0,5,1,22,13,1.69230769230769
6490,700,43,1,601,77,0,0,5,1,22,13,1.69230769230769
6500,700,42,0,603,75,0,0,5,1,22,13,1.69230769230769
6510,700,42,0,603,75,0,0,5,1,22,13,1.69230769230769
6520,700,40,0,603,74,0,0,5,1,23,13,1.76923076923077
6530,700,40,0,603,74,0,0,5,1,23,13,1.76923076923077
6540,700,40,0,602,74,0,0,5,1,24,13,1.84615384615385
6550,700,40,0,601,74,0,0,6,1,25,13,1.92307692307692
6560,700,40,0,600,74,0,0,6,1,26,13,2
6570,700,40,0,600,74,0,0,6,1,26,13,2
6580,700,40,0,600,74,0,0,6,1,26,13,2
6590,700,39,0,601,73,0,0,6,1,26,13,2
6600,700,39,0,601,73,0,0,6,1,26,13,2
6610,700,39,0,601,73,0,0,6,1,26,13,2
6620,700,39,0,601,73,0,0,6,1,26,13,2
6630,700,39,0,600,73,0,0,6,1,27,13,2.07692307692308
6640,700,38,0,601,72,0,0,6,1,27,13,2.07692307692308
6650,700,38,0,600,72,0,0,6,1,28,13,2.15384615384615
6660,700,38,0,600,72,0,0,6,1,28,13,2.15384615384615
6670,700,38,0,600,72,0,0,6,1,28,15,2.15384615384615
6680,700,37,0,601,71,0,0,6,1,28,15,2.15384615384615
6690,700,37,0,601,71,0,0,6,1,28,15,2.15384615384615
6700,700,37,0,601,71,0,0,6,1,28,15,2.15384615384615
6710,700,37,0,600,71,0,0,6,1,29,16,2.23076923076923
6720,700,37,2,599,73,0,0,6,1,28,15,2.15384615384615
6730,700,37,2,599,73,0,0,6,1,28,15,2.15384615384615
6740,700,37,2,598,73,0,0,6,1,29,15,2.23076923076923
6750,700,36,2,599,72,0,0,6,1,29,17,2.23076923076923
6760,700,35,2,600,71,0,0,6,1,29,17,2.23076923076923
6770,700,37,0,600,71,0,0,6,1,29,18,2.23076923076923
6780,700,35,0,600,70,0,0,6,1,30,19,2.30769230769231
6790,700,35,0,600,70,0,0,6,1,30,19,2.30769230769231
6800,700,35,7,600,77,0,0,6,1,23,16,1.76923076923077
6810,700,33,7,601,75,0,0,6,1,24,16,1.84615384615385
6820,700,33,8,600,76,0,0,6,1,24,15,1.84615384615385
6830,700,33,8,600,76,0,0,6,1,24,15,1.84615384615385
6840,700,33,8,599,76,0,0,6,1,25,15,1.92307692307692
6850,700,39,1,598,76,0,0,6,1,26,15,2
6860,700,39,1,598,76,0,0,6,1,26,15,2
6870,700,40,0,598,76,0,0,6,1,26,15,2
6880,700,38,0,599,75,0,0,6,1,26,15,2
6890,700,38,1,599,76,0,0,6,1,25,14,1.92307692307692
6900,700,38,1,597,76,0,0,6,1,27,14,2.07692307692308
6910,700,38,1,597,76,0,0,6,1,27,14,2.07692307692308
6920,700,38,1,597,76,0,0,6,1,27,14,2.07692307692308
6930,700,38,1,596,76,0,0,6,1,28,14,2.15384615384615
6940,700,39,0,595,76,0,0,6,1,29,14,2.23076923076923
6950,700,38,0,595,75,0,0,6,1,30,14,2.30769230769231
6960,700,38,0,595,75,0,0,6,1,30,14,2.30769230769231
6970,700,38,0,595,75,0,0,6,1,30,14,2.30769230769231
6980,700,37,0,595,74,0,0,7,1,31,14,2.38461538461538
6990,700,37,0,595,74,0,0,7,1,31,14,2.38461538461538
7000,700,37,0,595,74,0,0,7,1,31,14,2.38461538461538
7010,700,37,0,595,74,0,0,7,1,31,14,2.38461538461538
7020,700,37,0,595,74,0,0,7,1,31,15,2.38461538461538
7030,700,37,0,595,74,0,0,7,1,31,15,2.38461538461538
7040,700,37,0,595,74,0,0,7,1,31,15,2.38461538461538
7050,700,37,0,595,74,0,0,7,1,31,16,2.38461538461538
7060,700,37,0,594,74,0,0,7,1,32,16,2.46153846153846
7070,700,37,0,594,74,0,0,7,1,32,16,2.46153846153846
7080,700,37,0,594,74,0,0,7,1,32,16,2.46153846153846
7090,700,37,0,594,74,0,0,7,1,32,16,2.46153846153846
7100,700,36,0,595,73,0,0,7,1,32,16,2.46153846153846
7110,700,36,0,595,73,0,0,7,1,32,16,2.46153846153846
7120,700,35,0,596,72,0,0,7,1,32,16,2.46153846153846
7130,700,34,0,597,71,0,0,7,1,32,16,2.46153846153846
7140,700,34,0,594,71,0,0,9,1,35,16,2.69230769230769
7150,700,34,0,591,71,0,0,12,1,38,17,2.92307692307692
7160,700,34,10,590,81,0,0,7,1,29,16,2.23076923076923
7170,700,34,11,588,82,0,0,7,1,30,15,2.30769230769231
7180,700,34,11,588,82,0,0,7,1,30,15,2.30769230769231
7190,700,34,11,586,82,0,0,9,1,32,15,2.46153846153846
7200,700,34,11,584,82,0,0,10,1,34,15,2.61538461538462
7210,700,44,1,583,82,0,0,10,1,35,15,2.69230769230769
7220,700,45,0,583,82,0,0,10,1,35,15,2.69230769230769
7230,700,45,0,583,82,0,0,10,1,35,15,2.69230769230769
7240,700,43,0,584,80,0,0,11,1,36,15,2.76923076923077
7250,700,43,0,582,80,0,0,11,1,38,15,2.92307692307692
7260,700,43,0,582,80,0,0,11,1,38,15,2.92307692307692
7270,700,43,0,581,80,0,0,11,1,39,15,3
7280,700,43,0,581,80,0,0,11,1,39,16,3
7290,700,43,0,579,80,0,0,11,1,41,16,3.15384615384615
7300,700,43,0,579,80,0,0,11,1,41,17,3.15384615384615
7310,700,42,3,576,82,0,0,11,1,42,16,3.23076923076923
7320,700,42,3,573,82,0,0,13,1,45,17,3.46153846153846
7330,700,42,3,573,82,0,0,13,1,45,17,3.46153846153846
7340,700,41,3,574,81,0,0,13,1,45,18,3.46153846153846
7350,700,41,4,574,82,0,0,13,1,44,18,3.38461538461538
7360,700,43,1,574,81,0,0,13,1,45,18,3.46153846153846
7370,700,43,1,574,81,0,0,13,1,45,18,3.46153846153846
7380,700,43,1,572,81,0,0,13,1,47,18,3.61538461538462
7390,700,43,1,572,81,0,0,13,1,47,18,3.61538461538462
7400,700,44,0,572,81,0,0,13,1,47,20,3.61538461538462
7410,700,43,0,573,80,0,0,13,1,47,20,3.61538461538462
7420,700,42,9,573,88,0,0,7,1,39,19,3
7430,700,41,10,573,88,0,0,7,1,39,19,3
7440,700,40,10,573,87,0,0,7,1,40,20,3.07692307692308
7450,700,40,10,573,87,0,0,7,1,40,20,3.07692307692308
7460,700,39,11,574,87,0,0,7,1,39,19,3
7470,700,48,3,574,88,0,0,7,1,38,18,2.92307692307692
7480,700,48,2,574,87,0,0,7,1,39,18,3
7490,700,47,2,574,87,0,0,7,1,39,18,3
7500,700,47,2,572,87,0,0,7,1,41,18,3.15384615384615
7510,700,46,1,572,87,0,0,7,1,41,18,3.15384615384615
7520,700,46,0,573,86,0,0,7,1,41,18,3.15384615384615
7530,700,46,0,573,86,0,0,7,1,41,18,3.15384615384615
7540,700,46,0,572,86,0,0,7,1,42,18,3.23076923076923
7550,700,46,0,571,86,0,0,7,1,43,19,3.30769230769231
7560,700,46,0,571,86,0,0,7,1,43,19,3.30769230769231
7570,700,45,0,572,85,0,0,7,1,43,19,3.30769230769231
7580,700,45,0,571,85,0,0,7,1,44,19,3.38461538461538
7590,700,45,0,570,85,0,0,7,1,45,19,3.46153846153846
7600,700,44,0,569,84,0,0,7,1,47,19,3.61538461538462
7610,700,44,0,569,84,0,0,7,1,47,19,3.61538461538462
7620,700,44,0,569,84,0,0,7,1,47,19,3.61538461538462
7630,700,44,0,568,84,0,0,7,2,48,19,3.69230769230769
7640,700,43,3,567,86,0,0,7,2,47,18,3.61538461538462
7650,700,43,3,567,86,0,0,7,2,47,18,3.61538461538462
7660,700,42,3,568,85,0,0,7,2,47,18,3.61538461538462
7670,700,42,3,567,85,0,0,7,2,48,19,3.69230769230769
7680,700,42,3,567,85,0,0,7,2,48,19,3.69230769230769
7690,700,44,0,568,84,0,0,7,2,48,19,3.69230769230769
7700,700,44,0,568,84,0,0,7,2,48,20,3.69230769230769
7710,700,43,0,567,83,0,0,9,2,50,21,3.84615384615385
7720,700,43,0,567,83,0,0,9,2,50,21,3.84615384615385
7730,700,43,0,567,83,0,0,9,2,50,21,3.84615384615385
7740,700,43,0,566,83,0,0,9,2,51,22,3.92307692307692
7750,700,43,0,566,83,0,0,9,2,51,22,3.92307692307692
7760,700,43,0,563,83,0,0,11,2,54,22,4.15384615384615
7770,700,43,0,561,83,0,0,12,2,56,22,4.30769230769231
7780,700,41,0,563,81,0,0,12,2,56,22,4.30769230769231
7790,700,40,0,564,80,0,0,12,2,56,24,4.30769230769231
7800,700,40,0,564,80,0,0,12,2,56,24,4.30769230769231
7810,700,40,0,564,80,0,0,12,2,56,28,4.30769230769231
7820,700,39,0,565,79,0,0,12,2,56,29,4.30769230769231
7830,700,37,10,567,87,0,0,6,2,46,27,3.53846153846154
7840,700,37,11,567,88,0,0,6,2,45,26,3.46153846153846
7850,700,37,12,567,89,0,0,6,1,44,25,3.38461538461538
7860,700,37,12,565,89,0,0,6,1,46,26,3.53846153846154
7870,700,37,13,565,90,0,0,6,1,45,25,3.46153846153846
7880,700,47,3,565,90,0,0,6,1,45,26,3.46153846153846
7890,700,48,3,565,91,0,0,6,1,44,25,3.38461538461538
7900,700,49,5,565,94,0,0,6,1,41,23,3.15384615384615
7910,700,48,7,564,96,0,0,6,1,40,21,3.07692307692308
7920,700,49,6,564,96,0,0,6,1,40,21,3.07692307692308
7930,700,48,6,563,96,0,0,6,1,41,23,3.15384615384615
7940,700,49,5,563,96,0,0,6,1,41,23,3.15384615384615
7950,700,50,5,563,98,0,0,7,1,39,22,3
7960,700,52,3,563,98,0,0,7,1,39,22,3
7970,700,52,3,563,98,0,0,7,1,39,22,3
7980,700,51,3,562,98,0,0,7,1,40,22,3.07692307692308
7990,700,50,4,562,99,0,0,7,1,39,21,3
8000,700,53,1,562,99,0,0,7,1,39,23,3
8010,700,52,1,563,98,0,0,7,1,39,23,3
8020,700,51,1,564,97,0,0,7,1,39,23,3
8030,700,50,1,564,96,0,0,7,1,40,23,3.07692307692308
8040,700,51,0,563,96,0,0,7,1,41,23,3.15384615384615
8050,700,50,0,564,95,0,0,7,1,41,24,3.15384615384615
8060,700,49,0,565,94,0,0,7,1,41,24,3.15384615384615
8070,700,48,4,565,98,0,0,6,1,37,23,2.84615384615385
8080,700,48,5,565,99,0,0,6,1,36,23,2.76923076923077
8090,700,48,5,563,99,0,0,6,1,38,23,2.92307692307692
8100,700,46,5,564,98,0,0,6,1,38,25,2.92307692307692
8110,700,43,5,566,95,0,0,6,1,39,25,3
8120,700,47,1,566,95,0,0,6,1,39,25,3
8130,700,48,4,566,99,0,0,6,1,35,24,2.69230769230769
8140,700,48,4,565,99,0,0,6,1,36,24,2.76923076923077
8150,700,48,4,565,99,0,0,6,1,36,24,2.76923076923077
8160,700,47,4,566,98,0,0,6,1,36,24,2.76923076923077
8170,700,45,4,568,96,0,0,6,1,36,25,2.76923076923077
8180,700,49,1,568,97,0,0,6,1,35,24,2.69230769230769
8190,700,49,1,568,97,0,0,6,1,35,24,2.69230769230769
8200,700,49,1,566,97,0,0,6,1,37,24,2.84615384615385
8210,700,48,1,567,96,0,0,6,1,37,24,2.84615384615385
8220,700,47,12,565,107,0,0,4,1,28,21,2.15384615384615
8230,700,48,11,565,107,0,0,4,1,28,21,2.15384615384615
8240,700,46,11,566,106,0,0,4,1,28,21,2.15384615384615
8250,700,45,11,567,105,0,0,4,1,28,21,2.15384615384615
8260,700,44,11,567,104,0,0,4,1,29,21,2.23076923076923
8270,700,54,0,567,104,0,0,4,1,29,21,2.23076923076923
8280,700,52,2,567,106,0,0,4,1,27,20,2.07692307692308
8290,700,52,2,567,106,0,0,4,1,27,20,2.07692307692308
8300,700,52,2,567,106,0,0,4,1,27,20,2.07692307692308
8310,700,52,2,567,106,0,0,4,1,27,20,2.07692307692308
8320,700,52,2,567,106,0,0,4,1,27,20,2.07692307692308
8330,700,53,1,568,106,0,0,4,1,26,19,2
8340,700,52,1,569,105,0,0,4,1,26,19,2
8350,700,52,1,567,105,0,0,4,1,28,19,2.15384615384615
8360,700,52,3,567,107,0,0,4,1,26,19,2
8370,700,52,3,567,107,0,0,4,1,26,19,2
8380,700,52,2,568,106,0,0,4,1,26,19,2
8390,700,51,2,569,105,0,0,4,1,26,19,2
8400,700,51,2,568,105,0,0,4,1,27,19,2.07692307692308
8410,700,53,0,568,105,0,0,4,1,27,19,2.07692307692308
8420,700,53,0,568,105,0,0,4,1,27,19,2.07692307692308
8430,700,51,0,569,104,0,0,4,1,27,20,2.07692307692308
8440,700,51,3,566,107,0,0,4,1,27,17,2.07692307692308
8450,700,51,3,566,107,0,0,4,1,27,17,2.07692307692308
8460,700,51,3,566,107,0,0,4,1,27,17,2.07692307692308
8470,700,51,4,562,108,0,0,7,1,30,16,2.30769230769231
8480,700,51,4,562,108,0,0,7,1,30,17,2.30769230769231
8490,700,52,1,563,106,0,0,7,1,31,17,2.38461538461538
8500,700,52,1,563,106,0,0,7,1,31,17,2.38461538461538
8510,700,52,3,563,108,0,0,7,1,29,15,2.23076923076923
8520,700,52,2,564,107,0,0,7,1,29,15,2.23076923076923
8530,700,52,2,564,107,0,0,7,1,29,15,2.23076923076923
8540,700,52,2,564,107,0,0,7,1,29,15,2.23076923076923
8550,700,50,3,565,106,0,0,7,1,29,14,2.23076923076923
8560,700,51,1,565,105,0,0,7,1,30,14,2.30769230769231
8570,700,50,1,564,105,0,0,7,1,31,14,2.38461538461538
8580,700,50,1,563,105,0,0,7,1,32,14,2.46153846153846
8590,700,50,1,563,105,0,0,7,1,32,14,2.46153846153846
8600,700,50,0,564,104,0,0,7,1,32,14,2.46153846153846
8610,700,48,0,566,102,0,0,7,1,32,15,2.46153846153846
8620,700,46,0,567,101,0,0,7,1,32,15,2.46153846153846
8630,700,46,0,567,101,0,0,7,1,32,15,2.46153846153846
8640,700,46,0,566,101,0,0,7,1,33,15,2.53846153846154
8650,700,46,0,566,101,0,0,7,1,33,15,2.53846153846154
8660,700,46,2,566,103,0,0,7,1,31,14,2.38461538461538
8670,700,44,2,568,101,0,0,7,1,31,14,2.38461538461538
8680,700,44,2,568,101,0,0,7,1,31,14,2.38461538461538
8690,700,44,2,568,101,0,0,7,1,31,14,2.38461538461538
8700,700,42,3,570,100,0,0,7,1,30,13,2.30769230769231
8710,700,44,1,570,100,0,0,7,1,30,13,2.30769230769231
8720,700,44,2,570,101,0,0,7,1,29,13,2.23076923076923
8730,700,44,2,570,101,0,0,7,1,29,13,2.23076923076923
8740,700,42,2,572,99,0,0,7,1,29,13,2.23076923076923
8750,700,43,1,571,99,0,0,7,1,30,13,2.30769230769231
8760,700,42,1,571,98,0,0,7,1,31,14,2.38461538461538
8770,700,42,0,571,97,0,0,7,1,32,14,2.46153846153846
8780,700,41,0,571,96,0,0,7,1,33,14,2.53846153846154
8790,700,41,0,570,96,0,0,8,1,34,14,2.61538461538462
8800,700,41,0,570,96,0,0,8,1,34,14,2.61538461538462
8810,700,41,7,570,103,0,0,5,1,27,13,2.07692307692308
8820,700,41,7,570,103,0,0,5,1,27,13,2.07692307692308
8830,700,40,7,569,102,0,0,7,1,29,13,2.23076923076923
8840,700,40,7,569,102,0,0,7,1,29,13,2.23076923076923
8850,700,40,7,569,102,0,0,7,1,29,13,2.23076923076923
8860,700,47,0,569,102,0,0,7,1,29,13,2.23076923076923
8870,700,46,0,569,101,0,0,7,1,30,13,2.30769230769231
8880,700,46,0,568,101,0,0,7,1,31,13,2.38461538461538
8890,700,46,0,567,101,0,0,8,1,32,13,2.46153846153846
8900,700,46,0,565,101,0,0,9,1,34,14,2.61538461538462
8910,700,46,0,563,101,0,0,9,1,36,14,2.76923076923077
8920,700,45,0,564,100,0,0,9,1,36,14,2.76923076923077
8930,700,45,0,562,100,0,0,9,1,38,14,2.92307692307692
8940,700,43,0,561,98,0,0,9,1,41,17,3.15384615384615
8950,700,43,0,560,98,0,0,9,2,42,17,3.23076923076923
8960,700,43,0,560,98,0,0,9,2,42,17,3.23076923076923
8970,700,42,0,561,97,0,0,9,2,42,17,3.23076923076923
8980,700,41,0,561,96,0,0,10,2,43,17,3.30769230769231
8990,700,41,0,561,96,0,0,10,2,43,18,3.30769230769231
9000,700,41,0,561,96,0,0,10,2,43,18,3.30769230769231
9010,700,41,0,561,96,0,0,10,2,43,18,3.30769230769231
9020,700,41,0,561,96,0,0,10,2,43,18,3.30769230769231
9030,700,41,3,561,99,0,0,10,2,40,17,3.07692307692308
9040,700,39,3,562,97,0,0,10,2,41,17,3.15384615384615
9050,700,39,3,562,97,0,0,10,2,41,18,3.15384615384615
9060,700,39,4,561,98,0,0,10,2,41,18,3.15384615384615
9070,700,39,4,561,98,0,0,10,2,41,19,3.15384615384615
9080,700,42,1,561,98,0,0,10,2,41,20,3.15384615384615
9090,700,40,2,562,98,0,0,10,1,40,19,3.07692307692308
9100,700,40,2,562,98,0,0,10,1,40,19,3.07692307692308
9110,700,40,1,562,97,0,0,10,1,41,19,3.15384615384615
9120,700,39,1,562,97,0,0,10,1,41,19,3.15384615384615
9130,700,38,1,563,96,0,0,10,1,41,19,3.15384615384615
9140,700,39,0,561,96,0,0,12,1,43,20,3.30769230769231
9150,700,37,0,563,94,0,0,12,1,43,20,3.30769230769231
9160,700,35,10,565,102,0,0,5,1,33,19,2.53846153846154
9170,700,35,11,565,103,0,0,5,1,32,18,2.46153846153846
9180,700,35,12,564,104,0,0,5,1,32,17,2.46153846153846
9190,700,34,13,563,104,0,0,5,1,33,16,2.53846153846154
9200,700,34,13,563,104,0,0,5,1,33,16,2.53846153846154
9210,700,43,3,564,103,0,0,5,1,33,16,2.53846153846154
9220,700,42,5,564,104,0,0,6,1,32,15,2.46153846153846
9230,700,43,4,563,104,0,0,7,1,33,15,2.53846153846154
9240,700,43,3,563,104,0,0,7,1,33,15,2.53846153846154
9250,700,41,4,562,105,0,0,7,1,33,15,2.53846153846154
9260,700,41,4,562,105,0,0,7,1,33,15,2.53846153846154
9270,700,44,1,562,105,0,0,7,1,33,15,2.53846153846154
9280,700,44,1,562,105,0,0,7,1,33,16,2.53846153846154
9290,700,43,1,563,104,0,0,7,1,33,16,2.53846153846154
9300,700,44,0,563,104,0,0,7,1,33,16,2.53846153846154
9310,700,44,0,562,104,0,0,7,1,34,16,2.61538461538462
9320,700,44,0,562,104,0,0,7,1,34,16,2.61538461538462
9330,700,42,0,564,102,0,0,7,1,34,16,2.61538461538462
9340,700,42,0,564,102,0,0,7,1,34,16,2.61538461538462
9350,700,42,1,564,103,0,0,7,1,33,15,2.53846153846154
9360,700,42,1,564,103,0,0,7,1,33,15,2.53846153846154
9370,700,42,2,564,104,0,0,7,1,32,16,2.46153846153846
9380,700,42,2,564,104,0,0,7,1,32,16,2.46153846153846
9390,700,41,2,565,103,0,0,7,1,32,16,2.46153846153846
9400,700,42,1,565,103,0,0,7,1,32,17,2.46153846153846
9410,700,42,1,565,103,0,0,7,1,32,19,2.46153846153846
9420,700,43,3,564,106,0,0,8,1,30,18,2.30769230769231
9430,700,43,3,564,106,0,0,8,1,30,18,2.30769230769231
9440,700,43,4,564,107,0,0,8,1,29,18,2.23076923076923
9450,700,43,4,564,107,0,0,8,1,29,19,2.23076923076923
9460,700,42,5,564,108,0,0,8,1,28,18,2.15384615384615
9470,700,45,2,564,108,0,0,8,1,28,18,2.15384615384615
9480,700,45,7,563,113,0,0,4,1,24,17,1.84615384615385
9490,700,46,7,563,114,0,0,4,1,23,16,1.76923076923077
9500,700,46,7,563,114,0,0,4,1,23,16,1.76923076923077
9510,700,46,6,563,113,0,0,4,1,24,16,1.84615384615385
9520,700,46,6,563,113,0,0,4,1,24,16,1.84615384615385
9530,700,49,2,564,113,0,0,4,1,23,15,1.76923076923077
9540,700,48,1,565,112,0,0,4,1,23,15,1.76923076923077
9550,700,48,1,565,112,0,0,4,1,23,15,1.76923076923077
9560,700,47,3,564,113,0,0,4,1,23,14,1.76923076923077
9570,700,47,3,564,113,0,0,4,1,23,14,1.76923076923077
9580,700,48,2,563,113,0,0,5,1,24,14,1.84615384615385
9590,700,47,2,563,112,0,0,5,1,25,14,1.92307692307692
9600,700,47,2,563,112,0,0,5,1,25,14,1.92307692307692
9610,700,49,0,561,112,0,0,5,1,27,15,2.07692307692308
9620,700,49,0,559,112,0,0,5,1,29,15,2.23076923076923
9630,700,49,0,559,112,0,0,5,1,29,15,2.23076923076923
9640,700,48,0,560,111,0,0,5,1,29,15,2.23076923076923
9650,700,48,0,560,111,0,0,5,1,29,15,2.23076923076923
9660,700,47,0,561,110,0,0,5,1,29,15,2.23076923076923
9670,700,47,0,560,110,0,0,5,1,30,15,2.30769230769231
9680,700,47,0,559,110,0,0,5,1,31,16,2.38461538461538
9690,700,47,0,556,110,0,0,6,1,34,18,2.61538461538462
9700,700,47,0,555,110,0,0,6,1,35,18,2.69230769230769
9710,700,47,0,555,110,0,0,6,1,35,18,2.69230769230769
9720,700,47,0,554,110,0,0,7,1,36,19,2.76923076923077
9730,700,47,0,554,110,0,0,7,1,36,19,2.76923076923077
9740,700,46,0,554,109,0,0,7,1,37,19,2.84615384615385
9750,700,46,0,551,109,0,0,7,1,40,19,3.07692307692308
9760,700,46,6,551,115,0,0,6,1,34,18,2.61538461538462
9770,700,46,6,551,115,0,0,6,1,34,18,2.61538461538462
9780,700,46,6,551,115,0,0,6,1,34,18,2.61538461538462
9790,700,44,6,553,113,0,0,6,1,34,18,2.61538461538462
9800,700,44,6,553,113,0,0,6,1,34,18,2.61538461538462
9810,700,49,0,554,112,0,0,6,1,34,18,2.61538461538462
9820,700,49,0,552,112,0,0,7,1,36,18,2.76923076923077
9830,700,49,0,551,112,0,0,7,1,37,18,2.84615384615385
9840,700,49,0,551,112,0,0,7,1,37,18,2.84615384615385
9850,700,49,0,551,112,0,0,7,1,37,18,2.84615384615385
9860,700,48,5,551,117,0,0,5,1,32,16,2.46153846153846
9870,700,47,5,551,116,0,0,5,1,33,16,2.53846153846154
9880,700,46,5,552,115,0,0,5,1,33,16,2.53846153846154
9890,700,46,6,551,116,0,0,5,1,33,15,2.53846153846154
9900,700,46,6,551,116,0,0,5,1,33,15,2.53846153846154
9910,700,51,1,551,116,0,0,5,1,33,15,2.53846153846154
9920,700,50,1,551,115,0,0,5,1,34,15,2.61538461538462
9930,700,50,1,550,115,0,0,5,1,35,15,2.69230769230769
9940,700,51,0,550,115,0,0,5,1,35,15,2.69230769230769
9950,700,51,0,550,115,0,0,5,1,35,15,2.69230769230769
9960,700,50,0,551,114,0,0,5,1,35,15,2.69230769230769
9970,700,50,0,551,114,0,0,5,1,35,15,2.69230769230769
9980,700,50,0,551,114,0,0,5,1,35,16,2.69230769230769
9990,700,49,0,552,113,0,0,5,1,35,16,2.69230769230769
10000,700,47,0,553,111,0,0,5,1,36,16,2.76923076923077
10010,700,47,0,553,111,0,0,5,1,36,17,2.76923076923077
10020,700,47,0,553,111,0,0,5,1,36,17,2.76923076923077
10030,700,46,0,553,110,0,0,6,1,37,17,2.84615384615385
10040,700,46,0,551,110,0,0,6,1,39,17,3
10050,700,46,0,548,110,0,0,9,1,42,17,3.23076923076923
10060,700,46,0,548,110,0,0,9,1,42,19,3.23076923076923
10070,700,46,0,548,110,0,0,9,1,42,19,3.23076923076923
10080,700,46,1,548,111,0,0,9,1,41,18,3.15384615384615
10090,700,46,1,548,111,0,0,9,1,41,18,3.15384615384615
10100,700,45,1,549,110,0,0,9,1,41,18,3.15384615384615
10110,700,45,1,549,110,0,0,9,1,41,20,3.15384615384615
10120,700,45,1,549,110,0,0,9,1,41,22,3.15384615384615
10130,700,43,0,551,107,0,0,9,1,42,22,3.23076923076923
10140,700,43,2,551,109,0,0,9,1,40,21,3.07692307692308
10150,700,42,3,550,109,0,0,10,1,41,20,3.15384615384615
10160,700,40,3,552,107,0,0,10,1,41,20,3.15384615384615
10170,700,40,3,552,107,0,0,10,1,41,21,3.15384615384615
10180,700,40,3,551,107,0,0,11,1,42,21,3.23076923076923
10190,700,42,2,551,108,0,0,11,1,41,21,3.15384615384615
10200,700,43,1,551,108,0,0,11,1,41,22,3.15384615384615
10210,700,43,1,551,108,0,0,11,1,41,22,3.15384615384615
10220,700,43,3,549,110,0,0,12,1,41,21,3.15384615384615
10230,700,43,3,548,110,0,0,12,1,42,21,3.23076923076923
10240,700,42,2,549,108,0,0,12,1,43,23,3.30769230769231
10250,700,42,4,548,110,0,0,12,1,42,22,3.15384615384615
10260,700,42,5,547,111,0,0,12,1,42,22,3.23076923076923
10270,700,43,6,548,113,0,0,12,1,39,20,3
10280,700,43,12,547,119,0,0,12,1,34,19,2.61538461538462
10290,700,42,21,548,127,0,0,12,1,25,16,1.76923076923077
10300,700,42,21,550,127,0,0,3,1,23,16,1.76923076923077
10310,700,43,20,549,127,0,0,3,1,24,16,1.84615384615385
10320,700,46,17,549,127,0,0,3,1,24,16,1.84615384615385
10330,700,49,11,550,125,0,0,4,1,25,16,1.92307692307692
10340,700,58,2,549,125,0,0,5,1,26,16,2
10350,700,60,0,549,125,0,0,5,1,26,16,2
10360,700,58,0,549,124,0,0,5,1,27,16,2.07692307692308
10370,700,56,0,551,122,0,0,5,1,27,16,2.07692307692308
10380,700,56,0,551,122,0,0,5,1,27,16,2.07692307692308
10390,700,55,0,550,121,0,0,5,1,29,17,2.23076923076923
10400,700,54,0,551,120,0,0,5,1,29,17,2.23076923076923
10410,700,53,0,552,119,0,0,5,1,29,17,2.23076923076923
10420,700,52,0,553,118,0,0,5,1,29,17,2.23076923076923
10430,700,51,0,554,117,0,0,5,1,29,17,2.23076923076923
10440,700,51,0,553,117,0,0,5,1,30,17,2.30769230769231
10450,700,51,0,553,117,0,0,5,1,30,17,2.30769230769231
10460,700,50,0,554,116,0,0,5,1,30,17,2.30769230769231
10470,700,50,0,554,116,0,0,5,1,30,17,2.30769230769231
10480,700,50,0,554,116,0,0,5,1,30,17,2.30769230769231
10490,700,50,0,554,116,0,0,5,1,30,17,2.30769230769231
10500,700,49,0,555,115,0,0,5,1,30,17,2.30769230769231
10510,700,49,0,555,115,0,0,5,1,30,17,2.30769230769231
10520,700,48,0,556,114,0,0,5,1,30,17,2.30769230769231
10530,700,48,0,554,114,0,0,6,1,32,17,2.46153846153846
10540,700,47,0,555,113,0,0,6,1,32,18,2.46153846153846
10550,700,46,0,556,112,0,0,6,1,32,18,2.46153846153846
10560,700,46,0,556,112,0,0,6,1,32,18,2.46153846153846
10570,700,45,0,557,111,0,0,6,1,32,18,2.46153846153846
10580,700,44,0,558,110,0,0,6,1,32,18,2.46153846153846
10590,700,44,1,554,111,0,0,6,1,35,17,2.69230769230769
10600,700,44,1,554,111,0,0,6,1,35,17,2.69230769230769
10610,700,44,1,553,111,0,0,6,1,36,17,2.76923076923077
10620,700,43,1,554,110,0,0,6,1,36,17,2.76923076923077
10630,700,42,1,555,109,0,0,6,1,36,17,2.76923076923077
10640,700,41,0,557,107,0,0,6,1,36,17,2.76923076923077
10650,700,41,0,557,107,0,0,6,1,36,18,2.76923076923077
10660,700,39,0,559,105,0,0,6,1,36,18,2.76923076923077
10670,700,39,0,559,105,0,0,6,1,36,18,2.76923076923077
10680,700,39,0,559,105,0,0,6,1,36,18,2.76923076923077
10690,700,38,0,560,104,0,0,6,1,36,18,2.76923076923077
10700,700,37,0,561,103,0,0,6,1,36,18,2.76923076923077
10710,700,37,0,561,103,0,0,6,1,36,18,2.76923076923077
10720,700,37,0,561,103,0,0,6,1,36,19,2.76923076923077
10730,700,36,0,561,102,0,0,6,1,37,20,2.84615384615385
10740,700,34,1,563,101,0,0,6,1,36,20,2.76923076923077
10750,700,34,1,563,101,0,0,6,1,36,20,2.76923076923077
10760,700,34,1,563,101,0,0,6,1,36,21,2.76923076923077
10770,700,33,2,563,101,0,0,6,1,36,20,2.76923076923077
10780,700,32,2,563,100,0,0,6,1,37,20,2.84615384615385
10790,700,32,1,564,99,0,0,6,1,37,20,2.84615384615385
10800,700,31,2,565,99,0,0,6,1,36,19,2.76923076923077
10810,700,31,2,563,99,0,0,6,1,38,20,2.92307692307692
10820,700,32,1,563,99,0,0,6,1,38,20,2.92307692307692
10830,700,32,1,563,99,0,0,6,1,38,21,2.92307692307692
10840,700,30,1,562,97,0,0,6,1,41,22,3.15384615384615
10850,700,31,0,561,97,0,0,7,1,42,22,3.23076923076923
10860,700,31,1,561,98,0,0,7,1,41,22,3.15384615384615
10870,700,29,1,563,96,0,0,7,1,41,22,3.15384615384615
10880,700,29,1,561,96,0,0,8,1,43,22,3.30769230769231
10890,700,29,1,561,96,0,0,8,1,43,24,3.30769230769231
10900,700,28,2,558,96,0,0,11,1,46,23,3.53846153846154
10910,700,29,1,556,96,0,0,13,1,48,23,3.69230769230769
10920,700,29,1,555,96,0,0,13,1,49,23,3.76923076923077
10930,700,29,1,555,96,0,0,13,1,49,24,3.76923076923077
10940,700,29,1,555,96,0,0,13,1,49,24,3.76923076923077
10950,700,30,0,555,96,0,0,13,1,49,24,3.76923076923077
10960,700,30,0,555,96,0,0,13,1,49,24,3.76923076923077
10970,700,30,0,555,96,0,0,13,1,49,24,3.76923076923077
10980,700,30,1,555,97,0,0,13,1,48,23,3.69230769230769
10990,700,30,1,555,97,0,0,13,1,48,23,3.69230769230769
11000,700,30,1,555,97,0,0,13,1,48,23,3.69230769230769
11010,700,30,1,555,97,0,0,13,1,48,23,3.69230769230769
11020,700,29,1,555,96,0,0,13,1,49,23,3.76923076923077
11030,700,29,0,556,95,0,0,13,1,49,25,3.76923076923077
11040,700,27,0,557,93,0,0,13,1,50,25,3.84615384615385
11050,700,27,0,557,93,0,0,13,1,50,25,3.84615384615385
11060,700,27,0,557,93,0,0,13,1,50,25,3.84615384615385
11070,700,27,0,557,93,0,0,13,1,50,25,3.84615384615385
11080,700,27,2,556,95,0,0,13,1,49,23,3.76923076923077
11090,700,27,2,554,95,0,0,13,1,51,27,3.92307692307692
11100,700,27,2,554,95,0,0,13,1,51,28,3.92307692307692
11110,700,27,12,554,105,0,0,13,1,41,27,3.07692307692308
11120,700,26,16,554,109,0,0,9,1,37,24,2.69230769230769
11130,700,27,18,554,113,0,0,9,1,33,20,2.53846153846154
11140,700,26,26,555,120,0,0,5,1,25,15,1.92307692307692
11150,700,26,26,555,120,0,0,5,1,25,15,1.92307692307692
11160,700,36,16,555,120,0,0,5,1,25,15,1.92307692307692
11170,700,40,12,555,120,0,0,5,1,25,15,1.92307692307692
11180,700,44,8,555,120,0,0,5,1,25,15,1.92307692307692
11190,700,51,0,555,120,0,0,5,1,25,15,1.92307692307692
11200,700,48,4,554,123,0,0,5,1,23,14,1.76923076923077
11210,700,48,4,554,123,0,0,5,1,23,14,1.76923076923077
11220,700,47,4,555,122,0,0,5,1,23,14,1.76923076923077
11230,700,47,4,553,122,0,0,5,1,25,14,1.92307692307692
11240,700,47,4,553,122,0,0,5,1,25,14,1.92307692307692
11250,700,51,0,553,122,0,0,5,1,25,14,1.92307692307692
11260,700,50,0,554,121,0,0,5,1,25,14,1.92307692307692
11270,700,49,0,554,120,0,0,6,1,26,15,2
11280,700,49,0,554,120,0,0,6,1,26,15,2
11290,700,49,2,552,122,0,0,6,1,26,14,1.76923076923077
11300,700,49,5,552,125,0,0,4,1,23,14,1.76923076923077
11310,700,49,5,552,125,0,0,4,1,23,14,1.76923076923077
11320,700,48,5,553,124,0,0,4,1,23,14,1.76923076923077
11330,700,48,5,553,124,0,0,4,1,23,15,1.76923076923077
11340,700,50,3,553,124,0,0,4,1,23,15,1.76923076923077
11350,700,53,0,553,124,0,0,4,1,23,15,1.76923076923077
11360,700,51,0,555,122,0,0,4,1,23,15,1.76923076923077
11370,700,50,0,556,121,0,0,4,1,23,15,1.76923076923077
11380,700,50,3,556,124,0,0,4,1,20,14,1.53846153846154
11390,700,49,3,557,123,0,0,4,1,20,14,1.53846153846154
11400,700,48,3,558,122,0,0,4,1,20,14,1.53846153846154
11410,700,47,3,559,121,0,0,4,1,20,14,1.53846153846154
11420,700,47,3,559,121,0,0,4,1,20,14,1.53846153846154
11430,700,50,0,559,121,0,0,4,1,20,14,1.53846153846154
11440,700,50,0,557,121,0,0,5,1,22,14,1.69230769230769
11450,700,50,0,557,121,0,0,5,1,22,14,1.69230769230769
11460,700,50,0,557,121,0,0,5,1,22,14,1.69230769230769
11470,700,50,0,557,121,0,0,5,1,22,14,1.69230769230769
11480,700,49,0,557,121,0,0,5,1,22,14,1.69230769230769
11490,700,49,0,557,121,0,0,5,1,22,14,1.69230769230769
11500,700,48,0,556,120,0,0,5,1,24,14,1.84615384615385
11510,700,48,0,556,120,0,0,5,1,24,14,1.84615384615385
11520,700,48,0,556,120,0,0,5,1,24,15,1.84615384615385
11530,700,48,0,556,120,0,0,5,1,24,15,1.84615384615385
11540,700,48,0,556,120,0,0,5,1,24,15,1.84615384615385
11550,700,46,0,558,118,0,0,5,1,24,15,1.84615384615385
11560,700,44,0,560,116,0,0,5,1,24,15,1.84615384615385
11570,700,43,0,560,115,0,0,5,1,25,15,1.92307692307692
11580,700,43,0,560,115,0,0,5,1,25,15,1.92307692307692
11590,700,42,0,561,114,0,0,5,1,25,16,1.92307692307692
11600,700,42,0,561,114,0,0,5,1,25,16,1.92307692307692
11610,700,41,0,560,113,0,0,6,1,27,16,2.07692307692308
11620,700,39,0,562,111,0,0,6,1,27,16,2.07692307692308
11630,700,39,0,562,111,0,0,6,1,27,16,2.07692307692308
11640,700,39,0,561,111,0,0,6,1,28,16,2.15384615384615
11650,700,38,0,562,110,0,0,6,1,28,16,2.15384615384615
11660,700,38,0,562,110,0,0,6,1,28,16,2.15384615384615
11670,700,36,0,564,108,0,0,6,1,28,16,2.15384615384615
11680,700,35,0,565,107,0,0,6,1,28,16,2.15384615384615
11690,700,35,0,565,107,0,0,6,1,28,16,2.15384615384615
11700,700,34,0,565,106,0,0,6,1,29,18,2.23076923076923
11710,700,33,2,566,107,0,0,6,1,27,16,2.07692307692308
11720,700,33,2,566,107,0,0,6,1,27,16,2.07692307692308
11730,700,31,2,565,105,0,0,7,1,30,16,2.30769230769231
11740,700,31,2,565,105,0,0,7,1,30,16,2.30769230769231
11750,700,31,2,565,105,0,0,7,1,30,16,2.30769230769231
11760,700,32,0,566,104,0,0,7,1,30,16,2.30769230769231
11770,700,31,0,567,103,0,0,7,1,30,16,2.30769230769231
11780,700,31,0,567,103,0,0,7,1,30,16,2.30769230769231
11790,700,31,0,567,103,0,0,7,1,30,18,2.30769230769231
11800,700,31,4,567,107,0,0,5,1,26,17,2
11810,700,31,4,567,107,0,0,5,1,26,17,2
11820,700,31,4,567,107,0,0,5,1,26,17,2
11830,700,31,4,567,107,0,0,5,1,26,17,2
11840,700,31,4,567,107,0,0,5,1,26,17,2
11850,700,34,0,568,106,0,0,5,1,26,17,2
11860,700,34,1,565,107,0,0,5,1,28,16,2.15384615384615
11870,700,34,1,565,107,0,0,5,1,28,16,2.15384615384615
11880,700,34,1,565,107,0,0,5,1,28,16,2.15384615384615
11890,700,34,1,565,107,0,0,5,1,28,16,2.15384615384615
11900,700,32,1,565,105,0,0,5,1,30,16,2.30769230769231
11910,700,33,0,564,105,0,0,5,1,31,16,2.38461538461538
11920,700,32,0,565,104,0,0,5,1,31,16,2.38461538461538
11930,700,32,0,565,104,0,0,5,1,31,16,2.38461538461538
11940,700,32,0,565,104,0,0,5,1,31,17,2.38461538461538
11950,700,32,0,565,104,0,0,5,1,31,17,2.38461538461538
11960,700,32,0,565,104,0,0,5,1,31,17,2.38461538461538
11970,700,32,0,563,104,0,0,5,1,33,17,2.53846153846154
11980,700,32,0,563,104,0,0,5,1,33,17,2.53846153846154
11990,700,32,0,563,104,0,0,5,1,33,17,2.53846153846154
12000,700,32,0,563,104,0,0,5,1,33,19,2.53846153846154
12010,700,32,0,562,104,0,0,6,1,34,19,2.61538461538462
12020,700,31,0,563,103,0,0,6,1,34,19,2.61538461538462
12030,700,31,0,563,103,0,0,6,1,34,19,2.61538461538462
12040,700,31,4,563,107,0,0,6,1,30,18,2.30769230769231
12050,700,31,4,561,107,0,0,6,1,32,18,2.46153846153846
12060,700,31,4,561,107,0,0,6,1,32,18,2.46153846153846
12070,700,30,4,561,106,0,0,7,1,33,19,2.53846153846154
12080,700,30,4,560,106,0,0,7,1,34,19,2.61538461538462
12090,700,34,0,559,106,0,0,7,1,35,19,2.69230769230769
12100,700,34,0,558,106,0,0,7,1,36,19,2.76923076923077
12110,700,34,0,558,106,0,0,7,1,36,20,2.76923076923077
12120,700,34,1,557,107,0,0,7,1,36,19,2.76923076923077
12130,700,33,1,557,106,0,0,7,1,37,19,2.84615384615385
12140,700,33,2,556,107,0,0,7,1,37,19,2.84615384615385
12150,700,33,2,556,107,0,0,7,1,37,19,2.84615384615385
12160,700,33,2,556,107,0,0,7,1,37,19,2.84615384615385
12170,700,34,1,555,107,0,0,7,1,38,19,2.92307692307692
12180,700,34,1,552,107,0,0,7,1,41,19,3.15384615384615
12190,700,35,0,552,107,0,0,7,1,41,19,3.15384615384615
12200,700,34,2,552,109,0,0,7,1,39,19,3
12210,700,33,2,552,108,0,0,7,1,40,19,3.07692307692308
12220,700,33,2,551,108,0,0,7,1,41,19,3.15384615384615
12230,700,32,2,552,107,0,0,7,1,41,21,3.15384615384615
12240,700,32,2,552,107,0,0,7,1,41,21,3.15384615384615
12250,700,34,1,552,108,0,0,7,1,40,20,3.07692307692308
12260,700,34,1,552,108,0,0,7,1,40,20,3.07692307692308
12270,700,34,1,552,108,0,0,7,1,40,20,3.07692307692308
12280,700,33,2,553,108,0,0,7,1,39,19,3
12290,700,32,2,554,107,0,0,7,1,39,19,3
12300,700,33,1,554,107,0,0,7,1,39,19,3
12310,700,33,1,553,107,0,0,7,1,40,19,3.07692307692308
12320,700,33,1,552,107,0,0,7,1,41,19,3.15384615384615
12330,700,33,0,552,106,0,0,7,1,42,19,3.23076923076923
12340,700,33,0,552,106,0,0,7,1,42,19,3.23076923076923
12350,700,32,0,552,105,0,0,7,1,43,20,3.30769230769231
12360,700,32,0,551,105,0,0,7,1,44,21,3.38461538461538
12370,700,32,0,549,105,0,0,7,1,46,21,3.53846153846154
12380,700,31,0,549,104,0,0,8,1,47,21,3.61538461538462
12390,700,31,0,548,104,0,0,8,1,48,21,3.69230769230769
12400,700,31,0,548,104,0,0,8,1,48,21,3.69230769230769
12410,700,31,0,548,104,0,0,8,1,48,22,3.69230769230769
12420,700,30,0,549,103,0,0,8,1,48,22,3.69230769230769
12430,700,30,0,549,103,0,0,8,1,48,22,3.69230769230769
12440,700,30,0,548,103,0,0,8,1,49,22,3.76923076923077
12450,700,28,0,547,101,0,0,11,1,52,22,4
12460,700,28,0,547,101,0,0,11,1,52,22,4
12470,700,28,0,547,101,0,0,11,1,52,24,4
12480,700,28,0,547,101,0,0,11,1,52,24,4
12490,700,27,0,548,100,0,0,11,1,52,24,4
12500,700,27,0,548,100,0,0,11,1,52,24,4
12510,700,27,0,546,100,0,0,11,1,54,25,4.15384615384615
12520,700,27,0,544,100,0,0,11,1,56,25,4.30769230769231
12530,700,27,0,544,100,0,0,11,1,56,25,4.30769230769231
12540,700,27,0,544,100,0,0,11,1,56,25,4.30769230769231
12550,700,25,0,546,98,0,0,11,1,56,27,4.30769230769231
12560,700,24,0,546,97,0,0,11,1,57,27,4.38461538461539
12570,700,24,6,545,103,0,0,7,1,52,26,4
12580,700,24,6,543,103,0,0,8,1,54,28,4.15384615384615
12590,700,24,6,539,103,0,0,9,1,58,28,4.46153846153846
12600,700,24,6,539,103,0,0,9,1,58,29,4.46153846153846
12610,700,24,6,539,103,0,0,9,1,58,30,4.46153846153846
12620,700,30,0,539,103,0,0,9,1,58,30,4.46153846153846
12630,700,30,5,537,108,0,0,9,1,55,29,4.23076923076923
12640,700,30,5,536,108,0,0,9,2,56,29,4.30769230769231
12650,700,30,5,536,108,0,0,9,2,56,29,4.30769230769231
12660,700,30,5,536,108,0,0,9,2,56,29,4.30769230769231
12670,700,30,5,536,108,0,0,9,2,56,30,4.30769230769231
12680,700,34,0,537,107,0,0,9,2,56,33,4.30769230769231
12690,700,34,0,536,107,0,0,9,2,57,33,4.38461538461539
12700,700,33,1,537,107,0,0,9,1,56,32,4.30769230769231
12710,700,32,1,537,107,0,0,9,1,56,33,4.30769230769231
12720,700,30,1,538,105,0,0,9,2,57,34,4.38461538461539
12730,700,30,1,538,105,0,0,9,2,57,34,4.38461538461539
12740,700,30,1,538,105,0,0,9,2,57,34,4.38461538461539
12750,700,30,0,536,104,0,0,12,2,60,34,4.61538461538462
12760,700,30,0,535,104,0,0,13,2,61,34,4.69230769230769
12770,700,30,0,535,104,0,0,13,2,61,34,4.69230769230769
12780,700,30,0,535,104,0,0,13,2,61,34,4.69230769230769
12790,700,28,0,536,102,0,0,13,2,62,34,4.76923076923077
12800,700,28,0,536,102,0,0,13,2,62,34,4.76923076923077
12810,700,28,0,536,102,0,0,13,2,62,35,4.76923076923077
12820,700,27,0,537,101,0,0,13,2,62,36,4.76923076923077
12830,700,27,0,536,101,0,0,13,2,63,37,4.84615384615385
12840,700,25,1,537,100,0,0,13,2,63,36,4.84615384615385
12850,700,25,2,537,101,0,0,13,2,62,36,4.76923076923077
12860,700,25,3,536,102,0,0,13,2,62,36,4.76923076923077
12870,700,24,8,537,106,0,0,13,2,57,35,4.38461538461539
12880,700,24,9,537,107,0,0,13,1,56,34,4.30769230769231
12890,700,25,8,536,107,0,0,13,1,57,35,4.38461538461539
12900,700,26,20,534,120,0,0,10,1,46,32,3.38461538461538
12910,700,26,22,534,122,0,0,7,1,44,31,3.38461538461538
12920,700,29,20,535,123,0,0,7,1,42,30,3.23076923076923
12930,700,28,20,535,123,0,0,7,1,42,29,3.23076923076923
12940,700,27,26,536,128,0,0,7,1,36,24,2.61538461538462
12950,700,39,21,536,136,0,0,5,1,28,21,2.15384615384615
12960,700,40,18,537,135,0,0,5,1,28,21,2.15384615384615
12970,700,43,20,537,140,0,0,4,1,23,19,1.76923076923077
12980,700,42,20,537,140,0,0,4,1,23,18,1.76923076923077
12990,700,46,15,536,141,0,0,4,1,23,17,1.76923076923077
13000,700,52,7,537,140,0,0,4,1,23,17,1.76923076923077
13010,700,52,10,536,143,0,0,4,1,21,15,1.61538461538462
13020,700,54,5,538,141,0,0,4,1,21,15,1.61538461538462
13030,700,54,4,538,141,0,0,4,1,21,15,1.61538461538462
13040,700,54,3,537,141,0,0,5,1,22,15,1.69230769230769
13050,700,54,3,537,141,0,0,5,1,22,15,1.69230769230769
13060,700,56,0,537,140,0,0,5,1,23,15,1.76923076923077
13070,700,55,0,538,139,0,0,5,1,23,15,1.76923076923077
13080,700,55,0,538,139,0,0,5,1,23,15,1.76923076923077
13090,700,54,0,539,138,0,0,5,1,23,15,1.76923076923077
13100,700,53,0,540,137,0,0,5,1,23,15,1.76923076923077
13110,700,51,0,541,135,0,0,6,1,24,15,1.84615384615385
13120,700,51,0,541,135,0,0,6,1,24,15,1.84615384615385
13130,700,50,4,541,138,0,0,4,1,21,15,1.61538461538462
13140,700,49,5,541,138,0,0,5,1,21,14,1.61538461538462
13150,700,49,5,541,138,0,0,5,1,21,14,1.61538461538462
13160,700,48,5,542,137,0,0,5,1,21,14,1.61538461538462
13170,700,47,5,543,136,0,0,5,1,21,14,1.61538461538462
13180,700,50,1,543,136,0,0,5,1,21,14,1.61538461538462
13190,700,51,0,543,136,0,0,5,1,21,14,1.61538461538462
13200,700,51,0,543,136,0,0,5,1,21,14,1.61538461538462
13210,700,51,0,543,136,0,0,5,1,21,14,1.61538461538462
13220,700,51,0,543,136,0,0,5,1,21,15,1.61538461538462
13230,700,51,1,543,137,0,0,5,1,20,14,1.53846153846154
13240,700,50,1,544,136,0,0,5,1,20,14,1.53846153846154
13250,700,49,1,545,135,0,0,5,1,20,14,1.53846153846154
13260,700,47,2,547,134,0,0,5,1,19,13,1.46153846153846
13270,700,46,2,548,133,0,0,5,1,19,13,1.46153846153846
13280,700,46,1,548,133,0,0,5,1,19,13,1.46153846153846
13290,700,45,1,549,132,0,0,5,1,19,13,1.46153846153846
13300,700,45,1,549,132,0,0,5,1,19,13,1.46153846153846
13310,700,45,0,549,131,0,0,5,1,20,13,1.53846153846154
13320,700,45,0,549,131,0,0,5,1,20,13,1.53846153846154
13330,700,44,0,549,130,0,0,5,1,21,13,1.61538461538462
13340,700,44,0,549,130,0,0,5,1,21,13,1.61538461538462
13350,700,43,0,550,129,0,0,5,1,21,13,1.61538461538462
13360,700,42,0,551,128,0,0,5,1,21,13,1.61538461538462
13370,700,42,0,551,128,0,0,5,1,21,13,1.61538461538462
13380,700,42,0,551,128,0,0,5,1,21,13,1.61538461538462
13390,700,41,0,551,127,0,0,5,1,22,13,1.69230769230769
13400,700,41,0,551,127,0,0,5,1,22,13,1.69230769230769
13410,700,41,0,551,127,0,0,5,1,22,13,1.69230769230769
13420,700,40,0,552,126,0,0,5,1,22,13,1.69230769230769
13430,700,40,0,552,126,0,0,5,1,22,13,1.69230769230769
13440,700,39,0,553,125,0,0,5,1,22,13,1.69230769230769
13450,700,39,0,552,125,0,0,5,1,23,13,1.76923076923077
13460,700,39,0,552,125,0,0,5,1,23,13,1.76923076923077
13470,700,38,0,553,124,0,0,5,1,23,14,1.76923076923077
13480,700,38,1,553,125,0,0,5,1,22,13,1.69230769230769
13490,700,38,1,553,125,0,0,5,1,22,14,1.69230769230769
13500,700,38,1,553,125,0,0,5,1,22,15,1.69230769230769
13510,700,38,1,552,125,0,0,5,1,23,15,1.76923076923077
13520,700,38,1,552,125,0,0,5,1,23,15,1.76923076923077
13530,700,39,0,552,125,0,0,5,1,23,15,1.76923076923077
13540,700,39,0,552,125,0,0,5,1,23,15,1.76923076923077
13550,700,39,0,552,125,0,0,5,1,23,15,1.76923076923077
13560,700,38,0,553,124,0,0,5,1,23,16,1.76923076923077
13570,700,38,2,552,126,0,0,4,1,22,15,1.69230769230769
13580,700,38,2,552,126,0,0,4,1,22,15,1.69230769230769
13590,700,38,2,550,126,0,0,5,1,24,15,1.84615384615385
13600,700,37,2,550,125,0,0,5,1,25,15,1.92307692307692
13610,700,37,2,550,125,0,0,5,1,25,15,1.92307692307692
13620,700,39,0,549,125,0,0,5,1,26,15,2
13630,700,38,0,550,124,0,0,5,1,26,16,2
13640,700,36,0,552,122,0,0,5,1,26,16,2
13650,700,35,0,553,121,0,0,5,1,26,16,2
13660,700,35,0,553,121,0,0,5,1,26,16,2
13670,700,34,0,554,120,0,0,5,1,26,16,2
13680,700,34,0,554,120,0,0,5,1,26,16,2
13690,700,34,0,552,120,0,0,5,1,28,16,2.15384615384615
13700,700,34,0,552,120,0,0,5,1,28,16,2.15384615384615
13710,700,32,0,554,118,0,0,5,1,28,16,2.15384615384615
13720,700,31,1,555,118,0,0,5,1,27,15,2.07692307692308
13730,700,31,1,555,118,0,0,5,1,27,15,2.07692307692308
13740,700,31,1,555,118,0,0,5,1,27,15,2.07692307692308
13750,700,31,1,555,118,0,0,5,1,27,15,2.07692307692308
13760,700,30,1,556,117,0,0,5,1,27,15,2.07692307692308
13770,700,31,0,555,117,0,0,5,1,28,15,2.15384615384615
13780,700,31,0,555,117,0,0,5,1,28,15,2.15384615384615
13790,700,31,0,555,117,0,0,5,1,28,15,2.15384615384615
13800,700,31,0,555,117,0,0,5,1,28,15,2.15384615384615
13810,700,31,0,555,117,0,0,5,1,28,16,2.15384615384615
13820,700,30,0,556,116,0,0,5,1,28,16,2.15384615384615
13830,700,30,0,556,116,0,0,5,1,28,17,2.15384615384615
13840,700,29,0,556,115,0,0,5,1,29,17,2.23076923076923
13850,700,29,0,555,115,0,0,5,1,30,17,2.30769230769231
13860,700,29,0,554,115,0,0,6,1,31,17,2.38461538461538
13870,700,29,0,553,115,0,0,7,1,32,17,2.46153846153846
13880,700,29,0,553,115,0,0,7,1,32,17,2.46153846153846
13890,700,29,0,553,115,0,0,7,1,32,18,2.46153846153846
13900,700,29,0,553,115,0,0,7,1,32,18,2.46153846153846
13910,700,28,0,554,114,0,0,7,1,32,18,2.46153846153846
13920,700,28,0,554,114,0,0,7,1,32,18,2.46153846153846
13930,700,27,2,553,115,0,0,7,1,32,17,2.46153846153846
13940,700,27,2,553,115,0,0,7,1,32,17,2.46153846153846
13950,700,26,2,554,114,0,0,7,1,32,18,2.46153846153846
13960,700,26,2,554,114,0,0,7,1,32,18,2.46153846153846
13970,700,26,3,552,115,0,0,7,1,33,17,2.53846153846154
13980,700,28,1,552,115,0,0,7,1,33,17,2.53846153846154
13990,700,26,1,553,113,0,0,7,1,34,17,2.61538461538462
14000,700,26,1,552,113,0,0,8,1,35,18,2.69230769230769
14010,700,26,1,552,113,0,0,8,1,35,18,2.69230769230769
14020,700,27,0,551,113,0,0,8,1,36,18,2.76923076923077
14030,700,27,0,551,113,0,0,8,1,36,18,2.76923076923077
14040,700,27,0,546,113,0,0,8,1,41,18,3.15384615384615
14050,700,27,0,546,113,0,0,8,1,41,18,3.15384615384615
14060,700,27,0,544,113,0,0,8,1,43,18,3.30769230769231
14070,700,27,0,544,113,0,0,8,1,43,19,3.30769230769231
14080,700,27,0,544,113,0,0,8,1,43,19,3.30769230769231
14090,700,27,0,544,113,0,0,8,1,43,21,3.30769230769231
14100,700,27,0,540,113,0,0,8,1,47,22,3.61538461538462
14110,700,27,0,539,113,0,0,8,1,48,23,3.69230769230769
14120,700,27,0,539,113,0,0,8,1,48,23,3.69230769230769
14130,700,26,0,539,112,0,0,8,1,49,23,3.76923076923077
14140,700,25,0,540,111,0,0,8,1,49,23,3.76923076923077
14150,700,25,0,539,111,0,0,8,1,50,23,3.84615384615385
14160,700,25,0,538,111,0,0,8,1,51,23,3.92307692307692
14170,700,25,1,537,112,0,0,8,1,51,22,3.92307692307692
14180,700,25,1,537,112,0,0,8,1,51,23,3.92307692307692
14190,700,25,1,537,112,0,0,8,1,51,24,3.92307692307692
14200,700,25,1,536,112,0,0,9,1,52,24,4
14210,700,25,1,532,112,0,0,9,1,56,24,4.30769230769231
14220,700,26,0,532,112,0,0,9,1,56,24,4.30769230769231
14230,700,25,0,533,111,0,0,9,1,56,24,4.30769230769231
14240,700,25,0,532,111,0,0,10,1,57,24,4.38461538461539
14250,700,24,0,531,110,0,0,12,1,59,24,4.53846153846154
14260,700,24,0,530,110,0,0,12,1,60,24,4.61538461538462
14270,700,24,0,530,110,0,0,12,1,60,25,4.61538461538462
14280,700,24,0,530,110,0,0,12,1,60,25,4.61538461538462
14290,700,24,0,530,110,0,0,12,1,60,25,4.61538461538462
14300,700,24,0,529,110,0,0,12,1,61,25,4.69230769230769
14310,700,24,0,528,110,0,0,13,1,62,25,4.76923076923077
14320,700,24,0,528,110,0,0,13,1,62,25,4.76923076923077
14330,700,24,0,527,110,0,0,13,1,63,25,4.84615384615385
14340,700,24,0,524,110,0,0,13,1,66,25,5.07692307692308
14350,700,24,0,523,110,0,0,13,1,67,26,5.15384615384615
14360,700,23,0,523,109,0,0,13,1,68,28,5.23076923076923
14370,700,23,7,522,116,0,0,13,1,62,27,4.69230769230769
14380,700,23,8,522,117,0,0,13,1,61,27,4.69230769230769
14390,700,23,8,521,117,0,0,13,1,62,27,4.76923076923077
14400,700,23,8,521,117,0,0,13,1,62,27,4.76923076923077
14410,700,23,8,520,117,0,0,13,1,63,27,4.84615384615385
14420,700,30,1,519,117,0,0,13,1,64,27,4.92307692307692
14430,700,31,0,519,117,0,0,13,1,64,29,4.92307692307692
14440,700,30,0,520,116,0,0,13,1,64,29,4.92307692307692
14450,700,30,0,519,116,0,0,13,1,65,29,5
14460,700,30,0,518,116,0,0,13,1,66,29,5.07692307692308
14470,700,30,0,518,116,0,0,13,1,66,31,5.07692307692308
14480,700,29,0,519,115,0,0,13,1,66,31,5.07692307692308
14490,700,29,0,519,115,0,0,13,1,66,33,5.07692307692308
14500,700,29,1,516,116,0,0,13,1,68,32,5.23076923076923
14510,700,29,1,516,116,0,0,13,1,68,32,5.23076923076923
14520,700,29,1,516,116,0,0,13,1,68,32,5.23076923076923
14530,700,29,2,514,117,0,0,13,1,69,32,5.30769230769231
14540,700,27,2,516,115,0,0,13,1,69,33,5.30769230769231
14550,700,26,5,516,118,0,0,13,1,66,32,5.07692307692308
14560,700,26,6,515,119,0,0,13,1,66,32,5.07692307692308
14570,700,25,16,515,129,0,0,13,1,56,30,4.15384615384615
14580,700,26,17,515,131,0,0,13,1,54,30,4.15384615384615
14590,700,26,17,515,131,0,0,13,1,54,31,4.15384615384615
14600,700,28,19,515,137,0,0,13,1,48,33,3.61538461538462
14610,700,29,28,514,147,0,0,9,1,39,29,2.84615384615385
14620,700,39,24,514,153,0,0,9,1,33,24,2.53846153846154
14630,700,39,27,514,158,0,0,9,1,28,22,2.07692307692308
14640,700,38,31,514,162,0,0,7,1,24,21,1.84615384615385
14650,700,43,25,514,161,0,0,7,1,25,21,1.92307692307692
14660,700,52,15,515,160,0,0,7,1,25,21,1.92307692307692
14670,700,58,9,515,160,0,0,7,1,25,22,1.92307692307692
14680,700,60,4,515,160,0,0,7,1,25,22,1.92307692307692
14690,700,63,1,512,161,0,0,10,1,27,21,2.07692307692308
14700,700,63,1,512,161,0,0,10,1,27,21,2.07692307692308
14710,700,63,3,512,163,0,0,10,1,25,19,1.92307692307692
14720,700,61,10,513,169,0,0,3,1,18,16,1.38461538461538
14730,700,61,10,511,169,0,0,3,1,20,16,1.53846153846154
14740,700,61,10,512,169,0,0,3,1,19,15,1.46153846153846
14750,700,61,10,512,169,0,0,3,1,19,15,1.46153846153846
14760,700,63,9,512,170,0,0,3,1,18,14,1.38461538461538
14770,700,69,2,512,170,0,0,3,1,18,14,1.38461538461538
14780,700,68,2,512,169,0,0,3,1,19,14,1.46153846153846
14790,700,66,1,515,166,0,0,3,1,19,14,1.46153846153846
14800,700,65,1,515,165,0,0,3,1,20,14,1.53846153846154
14810,700,66,1,515,166,0,0,3,1,19,13,1.46153846153846
14820,700,66,1,515,166,0,0,3,1,19,13,1.46153846153846
14830,700,66,1,515,166,0,0,3,1,19,14,1.46153846153846
14840,700,63,1,518,163,0,0,3,1,19,14,1.46153846153846
14850,700,63,3,518,165,0,0,2,1,17,13,1.30769230769231
14860,700,64,2,518,165,0,0,2,1,17,13,1.30769230769231
14870,700,63,2,518,164,0,0,3,1,18,13,1.38461538461538
14880,700,61,2,520,162,0,0,3,1,18,13,1.38461538461538
14890,700,61,2,520,162,0,0,3,1,18,13,1.38461538461538
14900,700,62,0,521,161,0,0,3,1,18,13,1.38461538461538
14910,700,62,0,520,161,0,0,3,1,19,13,1.46153846153846
14920,700,62,0,520,161,0,0,3,1,19,13,1.46153846153846
14930,700,61,0,521,160,0,0,3,1,19,13,1.46153846153846
14940,700,61,0,521,160,0,0,3,1,19,13,1.46153846153846
14950,700,61,0,521,160,0,0,3,1,19,13,1.46153846153846
14960,700,60,0,522,159,0,0,3,1,19,13,1.46153846153846
14970,700,59,0,523,158,0,0,3,1,19,13,1.46153846153846
14980,700,58,0,523,157,0,0,3,1,20,13,1.53846153846154
14990,700,58,0,522,157,0,0,3,1,21,13,1.61538461538462
15000,700,55,0,525,154,0,0,3,1,21,13,1.61538461538462
15010,700,54,0,526,153,0,0,3,1,21,13,1.61538461538462
15020,700,54,0,526,153,0,0,3,1,21,13,1.61538461538462
15030,700,54,0,525,153,0,0,3,1,22,13,1.69230769230769
15040,700,52,0,527,151,0,0,3,1,22,13,1.69230769230769
15050,700,52,0,527,151,0,0,3,1,22,13,1.69230769230769
15060,700,50,0,529,149,0,0,3,1,22,13,1.69230769230769
15070,700,50,0,529,149,0,0,3,1,22,13,1.69230769230769
15080,700,48,0,531,147,0,0,3,1,22,13,1.69230769230769
15090,700,47,0,532,146,0,0,3,1,22,13,1.69230769230769
15100,700,47,0,532,146,0,0,3,1,22,13,1.69230769230769
15110,700,45,0,534,144,0,0,3,1,22,13,1.69230769230769
15120,700,45,0,534,144,0,0,3,1,22,13,1.69230769230769
15130,700,44,0,534,143,0,0,3,1,23,13,1.76923076923077
15140,700,43,0,535,142,0,0,3,1,23,13,1.76923076923077
15150,700,43,0,535,142,0,0,3,1,23,14,1.76923076923077
15160,700,43,0,535,142,0,0,3,1,23,14,1.76923076923077
15170,700,42,0,535,141,0,0,3,1,24,14,1.84615384615385
15180,700,42,0,535,141,0,0,3,1,24,14,1.84615384615385
15190,700,42,0,535,141,0,0,3,1,24,14,1.84615384615385
15200,700,41,0,534,140,0,0,5,1,26,14,2
15210,700,40,0,535,139,0,0,5,1,26,14,2
15220,700,39,0,536,138,0,0,5,1,26,14,2
15230,700,39,0,536,138,0,0,5,1,26,15,2
15240,700,39,0,536,138,0,0,5,1,26,15,2
15250,700,39,1,536,139,0,0,5,1,25,14,1.92307692307692
15260,700,39,1,536,139,0,0,5,1,25,14,1.92307692307692
15270,700,39,1,536,139,0,0,5,1,25,14,1.92307692307692
15280,700,39,1,535,139,0,0,5,1,26,15,2
15290,700,39,1,535,139,0,0,5,1,26,15,2
15300,700,40,0,535,139,0,0,5,1,26,16,2
15310,700,40,1,534,140,0,0,5,1,26,15,2
15320,700,39,1,535,139,0,0,5,1,26,15,2
15330,700,39,1,534,139,0,0,6,1,27,15,2.07692307692308
15340,700,38,5,534,142,0,0,7,1,24,14,1.84615384615385
15350,700,38,5,534,142,0,0,7,1,24,14,1.84615384615385
15360,700,39,4,534,142,0,0,7,1,24,14,1.84615384615385
15370,700,37,4,535,140,0,0,7,1,25,14,1.92307692307692
15380,700,37,4,535,140,0,0,7,1,25,14,1.92307692307692
15390,700,40,0,536,139,0,0,7,1,25,14,1.92307692307692
15400,700,39,0,537,138,0,0,7,1,25,14,1.92307692307692
15410,700,38,0,538,137,0,0,7,1,25,15,1.92307692307692
15420,700,36,0,540,135,0,0,7,1,25,15,1.92307692307692
15430,700,34,0,541,133,0,0,7,1,26,15,2
15440,700,34,0,541,133,0,0,7,1,26,15,2
15450,700,34,0,541,133,0,0,7,1,26,15,2
15460,700,34,0,540,133,0,0,7,1,27,15,2.07692307692308
15470,700,33,0,541,132,0,0,7,1,27,15,2.07692307692308
15480,700,31,0,543,130,0,0,7,1,27,16,2.07692307692308
15490,700,28,5,546,132,0,0,4,1,22,16,1.69230769230769
15500,700,27,7,547,133,0,0,4,1,20,14,1.53846153846154
15510,700,27,7,545,133,0,0,4,1,22,14,1.69230769230769
15520,700,27,7,544,133,0,0,4,1,23,14,1.76923076923077
15530,700,26,7,545,132,0,0,4,1,23,15,1.76923076923077
15540,700,31,2,545,132,0,0,4,1,23,15,1.76923076923077
15550,700,33,1,545,133,0,0,4,1,22,14,1.69230769230769
15560,700,33,1,543,133,0,0,6,1,24,14,1.84615384615385
15570,700,33,1,542,133,0,0,6,1,25,14,1.92307692307692
15580,700,32,1,543,132,0,0,6,1,25,14,1.92307692307692
15590,700,32,1,543,132,0,0,6,1,25,14,1.92307692307692
15600,700,33,0,543,132,0,0,6,1,25,14,1.92307692307692
15610,700,33,0,541,132,0,0,7,1,27,14,2.07692307692308
15620,700,32,0,537,131,0,0,11,1,32,14,2.46153846153846
15630,700,32,0,537,131,0,0,11,1,32,15,2.46153846153846
15640,700,32,0,537,131,0,0,11,1,32,15,2.46153846153846
15650,700,32,0,537,131,0,0,11,1,32,15,2.46153846153846
15660,700,31,0,537,130,0,0,12,1,33,15,2.53846153846154
15670,700,31,0,537,130,0,0,12,1,33,16,2.53846153846154
15680,700,29,3,539,131,0,0,12,1,30,15,2.30769230769231
15690,700,29,4,538,132,0,0,12,1,30,14,2.30769230769231
15700,700,29,15,537,143,0,0,5,1,20,13,1.53846153846154
15710,700,29,15,537,143,0,0,5,1,20,13,1.53846153846154
15720,700,28,15,538,142,0,0,5,1,20,13,1.53846153846154
15730,700,31,12,538,142,0,0,5,1,20,13,1.53846153846154
15740,700,31,11,539,141,0,0,5,1,20,13,1.53846153846154
15750,700,40,0,540,140,0,0,5,1,20,13,1.53846153846154
15760,700,40,0,540,140,0,0,5,1,20,13,1.53846153846154
15770,700,39,0,541,139,0,0,5,1,20,13,1.53846153846154
15780,700,37,0,541,137,0,0,7,1,22,13,1.69230769230769
15790,700,37,0,541,137,0,0,7,1,22,13,1.69230769230769
15800,700,37,0,541,137,0,0,7,1,22,13,1.69230769230769
15810,700,36,0,542,136,0,0,7,1,22,13,1.69230769230769
15820,700,35,0,543,135,0,0,7,1,22,13,1.69230769230769
15830,700,35,0,542,135,0,0,7,1,23,13,1.76923076923077
15840,700,34,0,543,134,0,0,7,1,23,13,1.76923076923077
15850,700,34,0,541,134,0,0,7,1,25,13,1.92307692307692
15860,700,34,0,539,134,0,0,7,1,27,13,2.07692307692308
15870,700,33,0,540,133,0,0,7,1,27,14,2.07692307692308
15880,700,33,0,540,133,0,0,7,1,27,14,2.07692307692308
15890,700,32,0,541,132,0,0,7,1,27,14,2.07692307692308
15900,700,31,0,542,131,0,0,7,1,27,14,2.07692307692308
15910,700,31,1,540,132,0,0,8,1,28,13,2.15384615384615
15920,700,31,1,540,132,0,0,8,1,28,13,2.15384615384615
15930,700,31,1,538,132,0,0,8,1,30,14,2.30769230769231
15940,700,31,1,538,132,0,0,8,1,30,14,2.30769230769231
15950,700,31,1,538,132,0,0,8,1,30,14,2.30769230769231
15960,700,32,0,538,132,0,0,8,1,30,14,2.30769230769231
15970,700,31,7,539,138,0,0,5,1,23,13,1.76923076923077
15980,700,31,7,539,138,0,0,5,1,23,13,1.76923076923077
15990,700,31,7,539,138,0,0,5,1,23,13,1.76923076923077
16000,700,30,7,540,137,0,0,5,1,23,13,1.76923076923077
16010,700,30,7,540,137,0,0,5,1,23,13,1.76923076923077
16020,700,36,0,540,137,0,0,5,1,23,14,1.76923076923077
16030,700,36,0,540,137,0,0,5,1,23,14,1.76923076923077
16040,700,35,0,541,136,0,0,5,1,23,14,1.76923076923077
16050,700,35,0,539,136,0,0,5,1,25,14,1.92307692307692
16060,700,34,1,540,136,0,0,5,1,24,13,1.84615384615385
16070,700,33,1,541,135,0,0,5,1,24,13,1.84615384615385
16080,700,33,1,541,135,0,0,5,1,24,13,1.84615384615385
16090,700,33,1,541,135,0,0,5,1,24,13,1.84615384615385
16100,700,32,1,542,134,0,0,5,1,24,13,1.84615384615385
16110,700,32,0,543,133,0,0,5,1,24,14,1.84615384615385
16120,700,31,0,544,132,0,0,5,1,24,14,1.84615384615385
16130,700,30,0,542,131,0,0,7,1,27,14,2.07692307692308
16140,700,30,0,542,131,0,0,7,1,27,14,2.07692307692308
16150,700,30,0,542,131,0,0,7,1,27,14,2.07692307692308
16160,700,29,3,541,133,0,0,7,1,26,13,2
16170,700,29,3,539,133,0,0,7,1,28,13,2.15384615384615
16180,700,29,3,538,133,0,0,8,1,29,13,2.23076923076923
16190,700,29,3,538,133,0,0,8,1,29,13,2.23076923076923
16200,700,29,3,536,133,0,0,8,1,31,13,2.38461538461538
16210,700,31,0,535,132,0,0,8,1,33,13,2.53846153846154
16220,700,31,0,535,132,0,0,8,1,33,13,2.53846153846154
16230,700,30,0,536,131,0,0,8,1,33,13,2.53846153846154
16240,700,29,0,537,130,0,0,8,1,33,13,2.53846153846154
16250,700,29,0,537,130,0,0,8,1,33,13,2.53846153846154
16260,700,29,0,536,130,0,0,8,1,34,13,2.61538461538462
16270,700,29,0,536,130,0,0,8,1,34,13,2.61538461538462
16280,700,29,0,536,130,0,0,8,1,34,13,2.61538461538462
16290,700,27,0,536,128,0,0,8,1,36,13,2.76923076923077
16300,700,27,0,536,128,0,0,8,1,36,13,2.76923076923077
16310,700,27,0,536,128,0,0,8,1,36,13,2.76923076923077
16320,700,27,0,536,128,0,0,8,1,36,14,2.76923076923077
16330,700,27,0,536,128,0,0,8,1,36,14,2.76923076923077
16340,700,27,0,536,128,0,0,8,1,36,14,2.76923076923077
16350,700,26,0,537,127,0,0,8,1,36,16,2.76923076923077
16360,700,26,5,535,132,0,0,5,1,33,16,2.53846153846154
16370,700,26,6,535,133,0,0,5,1,32,15,2.46153846153846
16380,700,26,6,535,133,0,0,5,1,32,15,2.46153846153846
16390,700,26,6,533,133,0,0,7,1,34,15,2.61538461538462
16400,700,25,9,533,135,0,0,7,1,32,14,2.46153846153846
16410,700,30,4,533,135,0,0,7,1,32,14,2.46153846153846
16420,700,31,3,532,135,0,0,7,1,33,14,2.53846153846154
16430,700,31,3,532,135,0,0,7,1,33,14,2.53846153846154
16440,700,30,3,533,134,0,0,7,1,33,14,2.53846153846154
16450,700,33,0,533,134,0,0,7,1,33,14,2.53846153846154
16460,700,32,0,534,133,0,0,7,1,33,14,2.53846153846154
16470,700,30,0,536,131,0,0,7,1,33,14,2.53846153846154
16480,700,29,1,537,131,0,0,7,1,32,13,2.46153846153846
16490,700,28,1,537,130,0,0,8,1,33,13,2.53846153846154
16500,700,28,1,537,130,0,0,8,1,33,13,2.53846153846154
16510,700,28,1,537,130,0,0,8,1,33,13,2.53846153846154
16520,700,28,1,535,130,0,0,8,1,35,13,2.69230769230769
16530,700,29,0,534,130,0,0,9,1,36,13,2.76923076923077
16540,700,29,0,534,130,0,0,9,1,36,13,2.76923076923077
16550,700,29,0,534,130,0,0,9,1,36,15,2.76923076923077
16560,700,27,0,536,128,0,0,9,1,36,15,2.76923076923077
16570,700,27,0,534,128,0,0,10,1,38,15,2.92307692307692
16580,700,27,0,532,128,0,0,10,1,40,15,3.07692307692308
16590,700,25,0,533,126,0,0,10,1,41,15,3.15384615384615
16600,700,25,0,533,126,0,0,10,1,41,15,3.15384615384615
16610,700,25,0,532,126,0,0,10,1,42,15,3.23076923076923
16620,700,24,0,533,125,0,0,10,1,42,15,3.23076923076923
16630,700,23,0,534,124,0,0,10,1,42,16,3.23076923076923
16640,700,23,0,534,124,0,0,10,1,42,16,3.23076923076923
16650,700,23,0,534,124,0,0,10,1,42,16,3.23076923076923
16660,700,23,0,534,124,0,0,10,1,42,18,3.23076923076923
16670,700,23,0,532,124,0,0,10,1,44,20,3.38461538461538
16680,700,22,1,533,124,0,0,10,1,43,19,3.30769230769231
16690,700,22,2,533,125,0,0,10,1,42,18,3.23076923076923
16700,700,22,2,532,125,0,0,10,1,43,20,3.30769230769231
16710,700,22,3,532,126,0,0,10,1,42,21,3.23076923076923
16720,700,22,5,531,128,0,0,10,1,41,19,3.07692307692308
16730,700,22,10,532,133,0,0,6,1,35,18,2.69230769230769
16740,700,21,9,533,131,0,0,6,1,36,18,2.76923076923077
16750,700,21,10,533,132,0,0,6,1,35,17,2.69230769230769
16760,700,22,9,533,132,0,0,6,1,35,18,2.69230769230769
16770,700,24,7,533,132,0,0,6,1,35,18,2.69230769230769
16780,700,28,2,533,132,0,0,6,1,35,17,2.69230769230769
16790,700,27,2,534,131,0,0,6,1,35,18,2.69230769230769
16800,700,27,1,535,130,0,0,6,1,35,18,2.69230769230769
16810,700,27,1,534,130,0,0,6,1,36,18,2.76923076923077
16820,700,26,1,535,129,0,0,6,1,36,18,2.76923076923077
16830,700,27,0,535,129,0,0,6,1,36,18,2.76923076923077
16840,700,26,0,536,128,0,0,6,1,36,18,2.76923076923077
16850,700,25,0,537,127,0,0,6,1,36,18,2.76923076923077
16860,700,25,0,537,127,0,0,6,1,36,20,2.76923076923077
16870,700,25,0,536,127,0,0,7,1,37,20,2.84615384615385
16880,700,24,0,537,126,0,0,7,1,37,20,2.84615384615385
16890,700,23,0,538,125,0,0,7,1,37,20,2.84615384615385
16900,700,23,3,538,128,0,0,7,1,34,19,2.61538461538462
16910,700,23,3,538,128,0,0,7,1,34,19,2.61538461538462
16920,700,23,3,538,128,0,0,7,1,34,20,2.61538461538462
16930,700,23,3,537,128,0,0,7,1,35,20,2.69230769230769
16940,700,23,3,537,128,0,0,7,1,35,20,2.69230769230769
16950,700,26,0,537,128,0,0,7,1,35,20,2.69230769230769
16960,700,26,0,537,128,0,0,7,1,35,20,2.69230769230769
16970,700,26,0,537,128,0,0,7,1,35,20,2.69230769230769
16980,700,26,0,537,128,0,0,7,1,35,20,2.69230769230769
16990,700,26,0,537,128,0,0,7,1,35,20,2.69230769230769
17000,700,26,0,537,128,0,0,7,1,35,20,2.69230769230769
17010,700,25,0,538,127,0,0,7,1,35,20,2.69230769230769
17020,700,25,0,538,127,0,0,7,1,35,22,2.69230769230769
17030,700,25,0,538,127,0,0,7,1,35,22,2.69230769230769
17040,700,25,0,538,127,0,0,7,1,35,22,2.69230769230769
17050,700,22,0,540,124,0,0,7,1,36,22,2.76923076923077
17060,700,22,0,540,124,0,0,7,1,36,22,2.76923076923077
17070,700,22,0,540,124,0,0,7,1,36,23,2.76923076923077
17080,700,22,4,540,128,0,0,7,1,32,24,2.46153846153846
17090,700,22,6,540,130,0,0,5,1,30,24,2.30769230769231
17100,700,22,8,539,132,0,0,5,1,29,23,2.23076923076923
17110,700,22,8,539,132,0,0,5,1,29,23,2.23076923076923
17120,700,22,10,538,134,0,0,5,1,28,21,2.15384615384615
17130,700,26,7,536,135,0,0,5,1,29,20,2.23076923076923
17140,700,27,12,537,141,0,0,4,1,22,15,1.69230769230769
17150,700,28,11,538,141,0,0,4,1,21,14,1.61538461538462
17160,700,28,11,537,141,0,0,4,1,22,14,1.69230769230769
17170,700,30,9,537,141,0,0,4,1,22,14,1.69230769230769
17180,700,30,8,537,141,0,0,4,1,22,14,1.69230769230769
17190,700,35,1,539,139,0,0,4,1,22,14,1.69230769230769
17200,700,34,0,539,139,0,0,4,1,22,14,1.69230769230769
17210,700,34,0,539,139,0,0,4,1,22,14,1.69230769230769
17220,700,33,0,539,139,0,0,4,1,22,15,1.69230769230769
17230,700,33,0,539,139,0,0,4,1,22,15,1.69230769230769
17240,700,32,0,540,138,0,0,4,1,22,15,1.69230769230769
17250,700,32,0,540,138,0,0,4,1,22,15,1.69230769230769
17260,700,32,0,540,138,0,0,4,1,22,15,1.69230769230769
17270,700,32,1,540,139,0,0,4,1,21,14,1.61538461538462
17280,700,32,1,540,139,0,0,4,1,21,15,1.61538461538462
17290,700,31,1,541,138,0,0,4,1,21,15,1.61538461538462
17300,700,29,1,542,136,0,0,4,1,22,15,1.69230769230769
17310,700,29,1,542,136,0,0,4,1,22,16,1.69230769230769
17320,700,29,1,541,136,0,0,4,1,23,15,1.76923076923077
